symbol,date,timestamp,open,high,low,close,volume
VHM,2018-05-17,1526515200,87.348,87.348,87.348,87.348,18000
VHM,2018-05-18,1526601600,87.348,87.348,87.348,87.348,0
VHM,2018-05-21,1526860800,87.348,87.348,87.348,87.348,0
VHM,2018-05-22,1526947200,93.434,93.434,93.434,93.434,20
VHM,2018-05-23,1527033600,90.51,90.51,86.952,87.19,4839580
VHM,2018-05-24,1527120000,87.585,90.747,87.031,90.51,1937240
VHM,2018-05-25,1527206400,90.747,94.778,90.51,92.881,1749720
VHM,2018-05-28,1527465600,87.743,93.276,87.743,92.486,2944740
VHM,2018-05-29,1527552000,92.486,92.644,89.403,91.695,884320
VHM,2018-05-30,1527638400,91.695,92.486,89.324,92.486,2448260
VHM,2018-05-31,1527724800,92.486,92.881,90.984,90.984,1178690
VHM,2018-06-01,1527811200,90.984,92.881,90.51,92.09,814870
VHM,2018-06-04,1528070400,91.695,93.197,91.3,93.197,1762630
VHM,2018-06-05,1528156800,93.197,94.067,92.486,93.276,1229890
VHM,2018-06-06,1528243200,92.881,95.569,92.486,94.857,712230
VHM,2018-06-07,1528329600,96.438,96.438,88.217,94.857,1167210
VHM,2018-06-08,1528416000,94.857,95.569,92.881,94.857,462940
VHM,2018-06-11,1528675200,95.49,95.49,94.067,94.857,425790
VHM,2018-06-12,1528761600,94.857,94.857,92.486,93.276,816310
VHM,2018-06-13,1528848000,93.276,93.592,92.96,93.276,289590
VHM,2018-06-14,1528934400,93.276,93.671,91.932,92.486,624230
VHM,2018-06-15,1529020800,93.039,93.039,92.09,92.09,213150
VHM,2018-06-18,1529280000,92.09,93.276,91.695,92.09,626280
VHM,2018-06-19,1529366400,92.09,92.09,90.668,90.905,770730
VHM,2018-06-20,1529452800,84.66,91.695,84.66,90.905,613980
VHM,2018-06-21,1529539200,90.905,90.984,90.114,90.905,117280
VHM,2018-06-22,1529625600,90.905,90.905,90.114,90.272,83230
VHM,2018-06-25,1529884800,90.272,91.616,90.272,91.3,214260
VHM,2018-06-26,1529971200,91.3,91.3,90.193,90.905,112440
VHM,2018-06-27,1530057600,88.929,90.193,86.952,86.952,305740
VHM,2018-06-28,1530144000,86.952,89.324,85.371,86.952,185920
VHM,2018-06-29,1530230400,89.324,89.324,85.767,88.85,321730
VHM,2018-07-02,1530489600,88.929,88.929,86.952,87.98,456190
VHM,2018-07-03,1530576000,87.98,87.98,81.893,81.893,165430
VHM,2018-07-04,1530662400,80.708,87.585,80.708,87.585,1358170
VHM,2018-07-05,1530748800,87.585,90.905,87.585,90.114,1208630
VHM,2018-07-06,1530835200,88.138,90.035,88.138,88.929,497040
VHM,2018-07-09,1531094400,88.929,89.64,88.929,89.166,134390
VHM,2018-07-10,1531180800,89.087,89.166,85.767,87.743,298180
VHM,2018-07-11,1531267200,86.952,87.743,85.371,86.715,86370
VHM,2018-07-12,1531353600,86.715,87.585,85.371,86.952,113470
VHM,2018-07-13,1531440000,84.818,87.743,84.818,86.399,57420
VHM,2018-07-16,1531699200,87.348,87.348,83.79,83.79,93750
VHM,2018-07-17,1531785600,86.162,87.743,83.79,83.79,410540
VHM,2018-07-18,1531872000,86.952,86.952,84.581,84.897,115930
VHM,2018-07-19,1531958400,85.371,85.371,84.186,84.186,359780
VHM,2018-07-20,1532044800,84.581,85.371,83.87,84.502,361710
VHM,2018-07-23,1532304000,81.419,86.557,81.419,85.213,140470
VHM,2018-07-24,1532390400,81.419,85.134,81.419,84.186,52950
VHM,2018-07-25,1532476800,84.581,84.581,83.316,84.186,123900
VHM,2018-07-26,1532563200,84.186,85.213,83.79,83.79,205970
VHM,2018-07-27,1532649600,83.79,84.186,83.0,83.711,67370
VHM,2018-07-30,1532908800,83.79,87.348,83.0,87.348,324540
VHM,2018-07-31,1532995200,88.533,88.533,86.004,87.19,170450
VHM,2018-08-01,1533081600,87.19,87.269,85.767,85.846,320670
VHM,2018-08-02,1533168000,86.873,86.873,85.846,86.004,265210
VHM,2018-08-03,1533254400,86.32,86.715,85.767,86.162,398200
VHM,2018-08-06,1533513600,86.162,86.241,86.004,86.162,182880
VHM,2018-08-07,1533600000,86.162,86.162,84.581,84.976,160500
VHM,2018-08-08,1533686400,84.976,86.004,84.976,85.371,134310
VHM,2018-08-09,1533772800,85.371,86.162,85.371,85.925,285670
VHM,2018-08-10,1533859200,86.162,86.162,83.79,84.502,120470
VHM,2018-08-13,1534118400,85.688,85.688,84.502,84.976,1088420
VHM,2018-08-14,1534204800,84.581,85.371,84.581,85.213,406610
VHM,2018-08-15,1534291200,85.213,85.292,84.66,85.213,436300
VHM,2018-08-16,1534377600,85.213,85.292,84.66,85.213,726220
VHM,2018-08-17,1534464000,90.114,90.114,86.004,86.004,1125570
VHM,2018-08-20,1534723200,88.059,88.059,86.004,86.004,575880
VHM,2018-08-21,1534809600,86.004,87.348,86.004,86.873,741280
VHM,2018-08-22,1534896000,86.873,87.585,86.636,86.873,415780
VHM,2018-08-23,1534982400,86.952,88.612,86.952,88.454,1371780
VHM,2018-08-24,1535068800,88.691,89.245,87.822,88.138,1340480
VHM,2018-08-27,1535328000,88.454,88.454,87.98,88.138,913670
VHM,2018-08-28,1535414400,88.138,88.138,87.348,87.743,817180
VHM,2018-08-29,1535500800,87.743,87.743,85.609,85.609,303590
VHM,2018-08-30,1535587200,85.371,85.371,84.186,84.897,409540
VHM,2018-08-31,1535673600,84.897,87.901,82.21,82.21,3027640
VHM,2018-09-04,1536019200,84.502,85.134,82.368,82.921,225530
VHM,2018-09-05,1536105600,83.632,83.79,83.079,83.79,318560
VHM,2018-09-06,1536192000,83.79,83.79,82.684,83.0,287240
VHM,2018-09-07,1536278400,82.21,83.0,82.21,82.842,459090
VHM,2018-09-10,1536537600,83.395,83.395,82.684,82.684,532950
VHM,2018-09-11,1536624000,82.21,83.0,81.972,81.972,483770
VHM,2018-09-12,1536710400,82.842,82.842,82.051,82.21,605640
VHM,2018-09-13,1536796800,82.21,83.474,82.21,83.079,836910
VHM,2018-09-14,1536883200,83.632,83.79,83.237,83.395,591790
VHM,2018-09-17,1537142400,83.395,84.344,83.316,83.395,1287240
VHM,2018-09-18,1537228800,83.395,83.395,82.21,82.684,207550
VHM,2018-09-19,1537315200,83.316,83.316,81.419,82.684,258160
VHM,2018-09-20,1537401600,83.0,83.0,82.13,83.0,336900
VHM,2018-09-21,1537488000,82.684,83.079,80.233,80.233,8102520
VHM,2018-09-24,1537747200,80.233,81.419,80.233,81.34,634680
VHM,2018-09-25,1537833600,81.419,81.735,80.312,80.945,472130
VHM,2018-09-26,1537920000,80.629,81.024,80.55,80.55,473580
VHM,2018-09-27,1538006400,81.419,82.605,81.419,82.21,525990
VHM,2018-09-28,1538092800,83.395,83.79,82.684,83.79,846730
VHM,2018-10-01,1538352000,84.186,84.66,81.498,81.498,523580
VHM,2018-10-02,1538438400,82.447,83.0,82.051,82.21,534540
VHM,2018-10-03,1538524800,82.921,82.921,80.55,80.629,467970
VHM,2018-10-04,1538611200,82.21,82.21,81.103,81.103,331810
VHM,2018-10-05,1538697600,82.21,82.21,80.708,80.708,304710
VHM,2018-10-08,1538956800,81.518,82.012,79.048,79.048,265800
VHM,2018-10-09,1539043200,80.233,81.221,79.048,79.048,267080
VHM,2018-10-10,1539129600,80.53,80.53,79.048,79.146,378520
VHM,2018-10-11,1539216000,76.083,79.245,74.206,75.589,736740
VHM,2018-10-12,1539302400,75.589,78.06,75.095,76.083,666960
VHM,2018-10-15,1539561600,76.083,76.083,72.131,72.23,505140
VHM,2018-10-16,1539648000,72.23,74.206,72.23,73.712,349810
VHM,2018-10-17,1539734400,75.392,76.083,74.107,75.49,300010
VHM,2018-10-18,1539820800,75.49,75.886,74.601,74.7,146220
VHM,2018-10-19,1539907200,73.712,75.194,73.119,73.91,282610
VHM,2018-10-22,1540166400,73.91,74.601,73.811,73.811,252630
VHM,2018-10-23,1540252800,72.921,73.613,72.526,73.218,136760
VHM,2018-10-24,1540339200,72.625,73.317,71.637,71.637,233830
VHM,2018-10-25,1540425600,67.685,69.364,67.19,67.685,479440
VHM,2018-10-26,1540512000,67.685,68.179,63.04,64.226,1004220
VHM,2018-10-29,1540771200,61.756,62.843,60.274,61.064,338080
VHM,2018-10-30,1540857600,59.385,62.25,59.286,61.361,574230
VHM,2018-10-31,1540944000,61.558,65.61,61.558,65.61,1099060
VHM,2018-11-01,1541030400,64.325,69.167,64.325,68.179,871070
VHM,2018-11-02,1541116800,69.167,72.921,69.167,71.143,1170010
VHM,2018-11-05,1541376000,72.131,72.921,70.155,71.143,758430
VHM,2018-11-06,1541462400,72.131,72.131,70.155,71.143,379000
VHM,2018-11-07,1541548800,71.538,71.835,69.957,71.835,298710
VHM,2018-11-08,1541635200,72.526,73.811,72.131,73.811,481780
VHM,2018-11-09,1541721600,73.613,75.688,73.119,75.095,520370
VHM,2018-11-12,1541980800,74.502,75.293,74.206,75.095,274460
VHM,2018-11-13,1542067200,72.23,75.095,72.23,74.898,271790
VHM,2018-11-14,1542153600,74.898,75.095,74.107,74.898,284050
VHM,2018-11-15,1542240000,73.91,74.898,73.613,74.601,301910
VHM,2018-11-16,1542326400,73.613,74.008,69.661,70.352,788790
VHM,2018-11-19,1542585600,70.649,72.032,69.068,72.032,323690
VHM,2018-11-20,1542672000,71.242,74.601,71.242,74.107,500750
VHM,2018-11-21,1542758400,74.107,74.898,72.329,74.898,451550
VHM,2018-11-22,1542844800,74.601,77.071,74.107,76.083,504210
VHM,2018-11-23,1542931200,76.083,76.874,75.194,75.194,89640
VHM,2018-11-26,1543190400,75.095,76.38,74.601,76.083,301550
VHM,2018-11-27,1543276800,76.577,77.664,76.479,77.368,399420
VHM,2018-11-28,1543363200,77.071,77.467,76.577,77.368,170200
VHM,2018-11-29,1543449600,77.565,77.961,77.467,77.763,473940
VHM,2018-11-30,1543536000,77.763,77.961,75.095,76.874,593960
VHM,2018-12-03,1543795200,77.565,77.763,76.775,76.775,194530
VHM,2018-12-04,1543881600,77.071,82.012,77.071,81.024,700280
VHM,2018-12-05,1543968000,79.048,81.518,79.048,79.739,384670
VHM,2018-12-06,1544054400,80.036,80.925,79.542,80.431,256140
VHM,2018-12-07,1544140800,80.431,80.431,79.048,79.048,250620
VHM,2018-12-10,1544400000,78.85,79.048,78.06,79.048,345240
VHM,2018-12-11,1544486400,80.431,80.431,78.949,79.344,141650
VHM,2018-12-12,1544572800,79.344,79.443,78.751,79.344,204900
VHM,2018-12-13,1544659200,79.146,80.332,79.146,79.344,162470
VHM,2018-12-14,1544745600,79.344,79.344,78.554,78.85,97030
VHM,2018-12-17,1545004800,78.85,78.949,75.589,76.577,461140
VHM,2018-12-18,1545091200,75.095,77.071,74.601,76.577,323660
VHM,2018-12-19,1545177600,77.071,77.071,75.787,76.577,217620
VHM,2018-12-20,1545264000,75.886,76.676,75.886,76.479,184090
VHM,2018-12-21,1545350400,75.886,75.886,73.02,73.02,1469270
VHM,2018-12-24,1545609600,74.107,75.095,73.415,73.514,172180
VHM,2018-12-25,1545696000,72.131,73.119,71.439,72.625,232270
VHM,2018-12-26,1545782400,72.23,72.625,70.55,71.143,547940
VHM,2018-12-27,1545868800,73.02,73.02,72.032,72.427,304690
VHM,2018-12-28,1545955200,72.921,73.613,72.526,72.526,399190
VHM,2019-01-02,1546387200,72.823,72.823,71.835,72.625,334420
VHM,2019-01-03,1546473600,71.242,72.329,70.649,72.329,475210
VHM,2019-01-04,1546560000,71.143,73.613,70.056,73.119,277640
VHM,2019-01-07,1546819200,73.712,73.712,72.427,73.317,186030
VHM,2019-01-08,1546905600,73.119,73.317,72.23,73.317,205460
VHM,2019-01-09,1546992000,73.613,73.613,73.119,73.317,92720
VHM,2019-01-10,1547078400,73.613,73.712,72.625,73.712,108550
VHM,2019-01-11,1547164800,74.008,75.688,73.811,75.688,241490
VHM,2019-01-14,1547424000,77.071,77.071,75.688,76.38,193920
VHM,2019-01-15,1547510400,76.083,78.949,76.083,78.949,297510
VHM,2019-01-16,1547596800,78.949,81.024,78.158,79.344,327390
VHM,2019-01-17,1547683200,79.937,80.233,78.85,78.85,214330
VHM,2019-01-18,1547769600,79.443,80.135,78.06,79.542,289350
VHM,2019-01-21,1548028800,80.036,80.036,79.048,79.542,411510
VHM,2019-01-22,1548115200,79.64,80.036,78.652,78.652,285720
VHM,2019-01-23,1548201600,78.949,79.048,78.06,78.652,214610
VHM,2019-01-24,1548288000,78.652,78.652,77.071,77.862,176750
VHM,2019-01-25,1548374400,77.565,77.763,76.577,77.071,226260
VHM,2019-01-28,1548633600,79.048,79.64,76.874,79.64,284550
VHM,2019-01-29,1548720000,80.53,80.53,79.542,80.53,334250
VHM,2019-01-30,1548806400,79.443,81.024,79.443,81.024,246940
VHM,2019-01-31,1548892800,81.024,81.024,78.652,79.048,773010
VHM,2019-02-01,1548979200,79.048,79.048,78.652,79.048,974540
VHM,2019-02-11,1549843200,80.036,80.036,78.652,78.949,353110
VHM,2019-02-12,1549929600,79.443,79.443,78.554,79.048,531210
VHM,2019-02-13,1550016000,79.146,79.838,78.356,79.048,506510
VHM,2019-02-14,1550102400,79.443,81.617,79.146,80.925,971710
VHM,2019-02-15,1550188800,81.024,81.024,80.135,80.233,422250
VHM,2019-02-18,1550448000,80.53,81.024,79.838,81.024,607000
VHM,2019-02-19,1550534400,81.518,86.656,81.518,85.964,1244300
VHM,2019-02-20,1550620800,85.964,89.719,85.964,89.324,815580
VHM,2019-02-21,1550707200,89.423,95.549,88.138,95.549,1209870
VHM,2019-02-22,1550793600,93.869,95.351,91.596,91.992,950950
VHM,2019-02-25,1551052800,93.375,93.968,90.213,90.905,838040
VHM,2019-02-26,1551139200,90.905,91.893,88.929,90.905,1103360
VHM,2019-02-27,1551225600,91.893,92.189,90.411,91.596,896260
VHM,2019-02-28,1551312000,91.004,91.201,86.458,86.458,1270190
VHM,2019-03-01,1551398400,87.446,90.312,86.458,89.917,806340
VHM,2019-03-04,1551657600,90.905,92.387,88.533,92.09,910620
VHM,2019-03-05,1551744000,91.102,91.794,89.423,89.917,1152650
VHM,2019-03-06,1551830400,89.917,90.806,89.719,90.707,592410
VHM,2019-03-07,1551916800,90.905,94.165,90.806,90.905,1306970
VHM,2019-03-08,1552003200,90.905,91.794,90.312,90.411,699850
VHM,2019-03-11,1552262400,89.917,91.201,88.929,88.929,533740
VHM,2019-03-12,1552348800,90.114,91.498,89.818,91.201,864570
VHM,2019-03-13,1552435200,91.498,94.857,91.399,92.881,1654850
VHM,2019-03-14,1552521600,93.177,93.474,91.695,92.881,708190
VHM,2019-03-15,1552608000,92.881,92.881,91.399,92.189,2496760
VHM,2019-03-18,1552867200,92.881,93.77,92.881,93.177,1056390
VHM,2019-03-19,1552953600,93.869,94.067,92.387,92.881,1100900
VHM,2019-03-20,1553040000,91.992,92.288,89.917,91.102,1061950
VHM,2019-03-21,1553126400,91.893,91.893,87.15,87.15,1009930
VHM,2019-03-22,1553212800,87.94,90.114,86.952,90.015,957080
VHM,2019-03-25,1553472000,88.435,88.435,86.458,87.94,793070
VHM,2019-03-26,1553558400,88.929,89.62,88.435,88.83,617980
VHM,2019-03-27,1553644800,89.917,89.917,88.83,89.027,389620
VHM,2019-03-28,1553731200,89.225,92.189,88.929,91.992,894540
VHM,2019-03-29,1553817600,92.881,93.177,90.411,90.411,1054060
VHM,2019-04-01,1554076800,91.3,92.683,90.707,91.3,334480
VHM,2019-04-02,1554163200,92.288,92.585,90.905,91.102,359690
VHM,2019-04-03,1554249600,91.102,91.102,90.015,90.905,281350
VHM,2019-04-04,1554336000,91.596,91.695,90.213,90.905,489550
VHM,2019-04-05,1554422400,91.399,92.09,91.004,91.498,454260
VHM,2019-04-08,1554681600,91.893,93.474,91.596,93.474,657320
VHM,2019-04-09,1554768000,93.869,94.857,91.893,92.683,973210
VHM,2019-04-10,1554854400,92.683,92.683,91.201,91.399,328400
VHM,2019-04-11,1554940800,91.695,92.683,91.102,92.387,233360
VHM,2019-04-12,1555027200,92.288,92.486,90.905,92.189,299590
VHM,2019-04-16,1555372800,88.929,90.806,86.755,89.917,913790
VHM,2019-04-17,1555459200,89.917,90.806,88.632,88.731,761350
VHM,2019-04-18,1555545600,88.83,89.423,87.051,87.94,609680
VHM,2019-04-19,1555632000,87.94,89.324,87.94,87.94,258960
VHM,2019-04-22,1555891200,88.632,88.929,87.545,88.929,211620
VHM,2019-04-23,1555977600,88.632,88.929,87.842,87.94,494910
VHM,2019-04-24,1556064000,88.632,89.126,88.632,88.632,629420
VHM,2019-04-25,1556150400,88.435,89.126,88.336,89.126,680080
VHM,2019-04-26,1556236800,89.126,90.905,88.83,90.905,1070350
VHM,2019-05-02,1556755200,90.905,91.201,89.818,90.312,452510
VHM,2019-05-03,1556841600,90.707,90.707,89.324,89.324,621150
VHM,2019-05-06,1557100800,88.929,88.929,87.545,87.94,522550
VHM,2019-05-07,1557187200,88.731,88.731,86.656,86.854,576290
VHM,2019-05-08,1557273600,85.964,86.261,84.383,84.581,894240
VHM,2019-05-09,1557360000,83.988,84.581,82.605,83.494,983320
VHM,2019-05-10,1557446400,84.581,84.976,82.802,83.0,980260
VHM,2019-05-13,1557705600,82.802,84.186,82.802,83.988,691670
VHM,2019-05-14,1557792000,83.0,84.976,83.0,83.988,1322520
VHM,2019-05-15,1557878400,84.186,85.47,84.186,84.976,1134300
VHM,2019-05-16,1557964800,84.976,86.063,84.68,85.964,953330
VHM,2019-05-17,1558051200,85.964,85.964,85.273,85.668,791790
VHM,2019-05-20,1558310400,85.47,85.767,84.779,85.767,638340
VHM,2019-05-21,1558396800,86.854,87.051,85.668,85.668,1056700
VHM,2019-05-22,1558483200,85.174,86.854,85.174,85.47,702510
VHM,2019-05-23,1558569600,85.569,85.569,85.075,85.47,377180
VHM,2019-05-24,1558656000,85.668,85.668,83.494,83.494,854870
VHM,2019-05-27,1558915200,83.494,83.889,83.395,83.395,487560
VHM,2019-05-28,1559001600,83.395,83.593,82.506,82.506,1436600
VHM,2019-05-29,1559088000,83.0,83.198,82.407,82.605,921510
VHM,2019-05-30,1559174400,82.605,82.802,81.518,81.617,930290
VHM,2019-05-31,1559260800,82.21,82.21,80.036,81.024,720930
VHM,2019-06-03,1559520000,81.024,81.024,78.652,79.64,527220
VHM,2019-06-04,1559606400,79.542,80.036,77.961,79.64,557890
VHM,2019-06-05,1559692800,80.233,80.53,79.344,79.64,452630
VHM,2019-06-06,1559779200,79.542,79.838,77.961,79.344,582690
VHM,2019-06-07,1559865600,79.542,82.012,78.949,81.221,572380
VHM,2019-06-10,1560124800,82.012,82.012,80.431,81.024,596360
VHM,2019-06-11,1560211200,81.024,81.024,80.332,80.925,375370
VHM,2019-06-12,1560297600,80.53,80.53,78.554,79.048,893930
VHM,2019-06-13,1560384000,78.554,79.048,75.688,79.048,2022580
VHM,2019-06-14,1560470400,77.862,78.949,77.664,78.949,482820
VHM,2019-06-17,1560729600,78.949,78.949,76.676,77.071,458320
VHM,2019-06-18,1560816000,76.874,77.071,75.392,77.071,1640620
VHM,2019-06-19,1560902400,77.071,77.368,76.874,77.17,729570
VHM,2019-06-20,1560988800,77.467,77.961,77.071,77.467,1561250
VHM,2019-06-21,1561075200,77.664,78.356,77.565,77.565,3742200
VHM,2019-06-24,1561334400,77.664,79.443,77.664,78.554,1452270
VHM,2019-06-25,1561420800,78.85,79.146,78.554,78.554,866490
VHM,2019-06-26,1561507200,78.356,78.652,77.763,78.06,1174210
VHM,2019-06-27,1561593600,78.06,78.06,76.577,76.577,815110
VHM,2019-06-28,1561680000,75.688,78.554,75.589,78.356,928700
VHM,2019-07-01,1561939200,78.554,80.036,78.356,80.036,1090570
VHM,2019-07-02,1562025600,80.036,80.233,79.048,80.135,1087630
VHM,2019-07-03,1562112000,79.64,81.024,79.146,81.024,1517660
VHM,2019-07-04,1562198400,81.024,83.988,80.925,83.988,2075630
VHM,2019-07-05,1562284800,83.198,84.976,82.506,84.976,1234430
VHM,2019-07-08,1562544000,83.988,84.186,82.012,82.012,666020
VHM,2019-07-09,1562630400,82.012,82.802,81.518,82.111,579540
VHM,2019-07-10,1562716800,82.111,82.802,82.111,82.407,321230
VHM,2019-07-11,1562803200,82.704,82.901,82.111,82.111,392510
VHM,2019-07-12,1562889600,82.111,82.704,81.419,82.111,626820
VHM,2019-07-15,1563148800,82.012,82.012,80.332,81.024,713050
VHM,2019-07-16,1563235200,81.024,83.0,81.024,82.901,833350
VHM,2019-07-17,1563321600,82.901,84.482,82.901,83.0,816530
VHM,2019-07-18,1563408000,82.012,83.0,82.012,83.0,513470
VHM,2019-07-19,1563494400,83.0,84.285,82.407,83.494,1028110
VHM,2019-07-22,1563753600,83.494,83.593,82.802,83.593,471720
VHM,2019-07-23,1563840000,83.593,84.976,83.296,84.779,826210
VHM,2019-07-24,1563926400,84.976,85.668,84.186,84.779,542990
VHM,2019-07-25,1564012800,84.779,87.842,84.482,86.458,1379690
VHM,2019-07-26,1564099200,86.458,86.854,85.569,86.458,473900
VHM,2019-07-29,1564358400,86.458,86.952,85.767,86.755,423030
VHM,2019-07-30,1564444800,88.336,88.336,83.0,83.0,987720
VHM,2019-07-31,1564531200,83.988,88.138,83.988,87.15,991720
VHM,2019-08-01,1564617600,87.94,89.719,86.952,89.423,913610
VHM,2019-08-02,1564704000,87.545,89.126,87.051,89.126,627380
VHM,2019-08-05,1564963200,87.94,88.929,84.186,84.186,902620
VHM,2019-08-06,1565049600,83.494,83.692,81.913,82.506,960830
VHM,2019-08-07,1565136000,83.988,84.285,82.308,83.0,724520
VHM,2019-08-08,1565222400,84.0,85.5,82.7,84.5,556040
VHM,2019-08-09,1565308800,85.0,85.0,83.6,84.0,352540
VHM,2019-08-12,1565568000,83.4,84.3,83.3,84.2,229140
VHM,2019-08-13,1565654400,84.0,84.0,82.1,82.9,723240
VHM,2019-08-14,1565740800,83.5,84.4,83.0,83.0,487320
VHM,2019-08-15,1565827200,82.0,84.0,81.0,84.0,368870
VHM,2019-08-16,1565913600,83.6,85.2,83.5,83.5,589570
VHM,2019-08-19,1566172800,84.0,84.3,83.5,84.2,341980
VHM,2019-08-20,1566259200,84.2,86.8,84.2,86.7,642320
VHM,2019-08-21,1566345600,86.6,88.0,86.4,87.3,548090
VHM,2019-08-22,1566432000,87.5,87.9,86.8,87.9,380330
VHM,2019-08-23,1566518400,88.0,88.0,87.0,87.0,582580
VHM,2019-08-26,1566777600,85.0,86.2,85.0,85.9,375290
VHM,2019-08-27,1566864000,85.9,87.9,85.9,86.6,871250
VHM,2019-08-28,1566950400,86.0,87.5,86.0,86.8,297410
VHM,2019-08-29,1567036800,86.8,87.0,85.3,86.8,344570
VHM,2019-08-30,1567123200,86.8,88.0,86.8,87.8,436220
VHM,2019-09-03,1567468800,87.8,87.9,87.2,87.6,243420
VHM,2019-09-04,1567555200,87.7,89.2,87.2,89.0,862730
VHM,2019-09-05,1567641600,89.0,89.6,88.6,89.0,429760
VHM,2019-09-06,1567728000,89.0,89.0,88.0,88.8,243750
VHM,2019-09-09,1567987200,88.8,88.8,87.9,88.4,336920
VHM,2019-09-10,1568073600,88.4,88.5,87.3,88.0,317650
VHM,2019-09-11,1568160000,87.5,87.8,85.8,86.3,549770
VHM,2019-09-12,1568246400,87.4,87.4,86.3,86.9,289830
VHM,2019-09-13,1568332800,87.4,88.0,86.1,88.0,361780
VHM,2019-09-16,1568592000,87.1,88.9,87.1,88.5,563460
VHM,2019-09-17,1568678400,88.5,90.5,88.4,90.3,921810
VHM,2019-09-18,1568764800,90.3,90.5,89.9,90.4,437190
VHM,2019-09-19,1568851200,90.4,90.4,88.3,90.3,506070
VHM,2019-09-20,1568937600,90.4,90.4,89.5,89.6,1032290
VHM,2019-09-23,1569196800,89.6,89.9,88.8,89.5,267270
VHM,2019-09-24,1569283200,89.5,89.8,88.9,89.5,286560
VHM,2019-09-25,1569369600,89.1,89.9,88.7,89.5,227170
VHM,2019-09-26,1569456000,89.5,89.9,87.5,88.7,533860
VHM,2019-09-27,1569542400,88.7,89.8,88.3,89.3,384950
VHM,2019-09-30,1569801600,90.0,90.0,88.9,89.3,491120
VHM,2019-10-01,1569888000,89.5,89.5,88.7,89.2,231930
VHM,2019-10-02,1569974400,89.2,89.3,88.5,89.0,462090
VHM,2019-10-03,1570060800,88.5,89.3,88.0,89.3,327140
VHM,2019-10-04,1570147200,89.5,89.5,88.4,89.2,428530
VHM,2019-10-07,1570406400,89.0,89.0,88.2,89.0,481420
VHM,2019-10-08,1570492800,89.0,89.0,88.1,88.6,315010
VHM,2019-10-09,1570579200,88.6,88.8,88.1,88.5,293220
VHM,2019-10-10,1570665600,88.6,88.6,87.6,88.5,359140
VHM,2019-10-11,1570752000,88.6,88.6,88.0,88.4,450000
VHM,2019-10-14,1571011200,88.4,88.4,87.5,87.9,285650
VHM,2019-10-15,1571097600,87.5,87.8,85.8,86.4,643130
VHM,2019-10-16,1571184000,86.4,86.4,85.3,86.4,630230
VHM,2019-10-17,1571270400,86.3,88.0,85.3,86.5,688380
VHM,2019-10-18,1571356800,86.5,87.3,86.2,87.0,327740
VHM,2019-10-21,1571616000,87.0,87.0,85.6,86.5,484630
VHM,2019-10-22,1571702400,86.5,86.8,85.9,86.0,350630
VHM,2019-10-23,1571788800,86.0,86.0,85.0,85.9,535550
VHM,2019-10-24,1571875200,85.7,86.1,85.2,86.1,543560
VHM,2019-10-25,1571961600,86.0,86.2,85.4,86.0,681140
VHM,2019-10-28,1572220800,86.0,86.7,85.5,86.0,728480
VHM,2019-10-29,1572307200,87.0,88.0,86.9,87.6,1014970
VHM,2019-10-30,1572393600,88.0,89.1,87.7,88.8,737640
VHM,2019-10-31,1572480000,88.8,89.8,88.7,89.0,1008560
VHM,2019-11-01,1572566400,89.4,95.2,89.2,95.2,2594030
VHM,2019-11-04,1572825600,95.7,97.5,94.7,96.0,1124510
VHM,2019-11-05,1572912000,96.0,98.5,95.8,97.9,1836960
VHM,2019-11-06,1572998400,97.4,101.0,97.4,99.4,1675310
VHM,2019-11-07,1573084800,99.1,102.3,99.1,99.5,2081650
VHM,2019-11-08,1573171200,99.5,99.9,98.0,98.5,1233370
VHM,2019-11-11,1573430400,98.4,99.7,97.9,98.7,765160
VHM,2019-11-12,1573516800,99.0,99.4,97.5,97.8,1380830
VHM,2019-11-13,1573603200,97.8,98.2,96.6,97.1,1305680
VHM,2019-11-14,1573689600,98.3,99.3,96.2,96.4,1480640
VHM,2019-11-15,1573776000,97.2,97.4,96.2,96.3,1018490
VHM,2019-11-18,1574035200,96.5,96.8,95.7,96.3,1168830
VHM,2019-11-19,1574121600,96.5,98.4,95.9,96.5,2305620
VHM,2019-11-20,1574208000,97.2,97.2,95.2,96.2,2010940
VHM,2019-11-21,1574294400,96.2,96.4,95.1,95.3,3202820
VHM,2019-11-22,1574380800,95.9,95.9,90.3,93.5,3791930
VHM,2019-11-25,1574640000,92.5,93.9,91.7,93.2,2300820
VHM,2019-11-26,1574726400,94.0,94.1,93.3,93.3,3284780
VHM,2019-11-27,1574812800,93.5,93.5,92.8,93.0,2135110
VHM,2019-11-28,1574899200,93.0,93.0,91.5,91.6,2598710
VHM,2019-11-29,1574985600,91.6,92.0,90.8,91.9,2839310
VHM,2019-12-02,1575244800,92.5,93.0,91.4,91.9,4407620
VHM,2019-12-03,1575331200,91.2,92.3,89.5,91.8,3357960
VHM,2019-12-04,1575417600,91.7,92.3,90.6,91.8,2450900
VHM,2019-12-05,1575504000,92.8,93.5,91.8,92.0,3418400
VHM,2019-12-06,1575590400,92.0,92.2,91.6,92.0,2525080
VHM,2019-12-09,1575849600,92.0,93.0,91.5,92.0,625460
VHM,2019-12-10,1575936000,92.3,92.3,88.0,91.5,1548550
VHM,2019-12-11,1576022400,91.3,91.5,89.4,91.1,645660
VHM,2019-12-12,1576108800,91.1,91.2,90.0,91.2,884980
VHM,2019-12-13,1576195200,91.2,91.4,89.1,89.1,419210
VHM,2019-12-16,1576454400,87.6,88.5,85.6,86.1,1437780
VHM,2019-12-17,1576540800,86.1,87.0,84.6,85.5,859640
VHM,2019-12-18,1576627200,84.7,85.5,83.0,83.9,1339840
VHM,2019-12-19,1576713600,83.9,85.0,82.5,83.9,1047500
VHM,2019-12-20,1576800000,84.0,85.6,84.0,84.2,1525190
VHM,2019-12-23,1577059200,85.0,85.0,83.6,83.8,568720
VHM,2019-12-24,1577145600,83.3,83.8,81.8,83.7,838840
VHM,2019-12-25,1577232000,83.7,84.2,82.8,83.7,361820
VHM,2019-12-26,1577318400,83.7,84.9,83.2,84.2,426570
VHM,2019-12-27,1577404800,84.2,84.9,83.4,84.5,519680
VHM,2019-12-30,1577664000,84.4,86.6,84.4,85.5,896520
VHM,2019-12-31,1577750400,85.5,85.8,84.5,84.8,430660
VHM,2020-01-02,1577923200,84.5,85.5,84.5,84.9,238600
VHM,2020-01-03,1578009600,84.9,85.4,84.6,85.2,394470
VHM,2020-01-06,1578268800,84.6,85.0,82.8,83.4,1025270
VHM,2020-01-07,1578355200,83.0,84.8,83.0,83.8,590360
VHM,2020-01-08,1578441600,83.0,83.5,81.0,82.5,553690
VHM,2020-01-09,1578528000,83.4,83.7,82.9,83.3,421250
VHM,2020-01-10,1578614400,83.3,84.9,82.7,84.5,699780
VHM,2020-01-13,1578873600,84.8,86.8,84.5,86.3,882160
VHM,2020-01-14,1578960000,86.2,86.8,86.1,86.3,361600
VHM,2020-01-15,1579046400,86.5,86.5,85.8,86.3,420650
VHM,2020-01-16,1579132800,86.4,86.4,85.9,86.1,441860
VHM,2020-01-17,1579219200,86.2,87.9,86.0,86.0,552190
VHM,2020-01-20,1579478400,86.0,86.4,85.7,86.0,711830
VHM,2020-01-21,1579564800,86.0,87.5,86.0,87.5,653680
VHM,2020-01-22,1579651200,87.4,89.5,87.3,89.4,673070
VHM,2020-01-30,1580342400,87.2,87.8,85.8,87.4,1414000
VHM,2020-01-31,1580428800,87.5,88.5,87.1,87.5,1284370
VHM,2020-02-03,1580688000,83.2,85.9,82.0,85.2,755310
VHM,2020-02-04,1580774400,85.2,86.5,85.0,85.7,829790
VHM,2020-02-05,1580860800,86.8,86.8,85.4,86.0,2410370
VHM,2020-02-06,1580947200,86.3,87.0,86.0,86.8,484420
VHM,2020-02-07,1581033600,86.9,87.8,86.8,87.0,587610
VHM,2020-02-10,1581292800,86.1,86.7,85.8,86.2,373600
VHM,2020-02-11,1581379200,86.0,86.4,85.5,86.2,602090
VHM,2020-02-12,1581465600,86.7,86.7,86.2,86.5,395320
VHM,2020-02-13,1581552000,86.2,86.4,85.5,86.0,421050
VHM,2020-02-14,1581638400,85.5,88.6,85.5,87.6,481520
VHM,2020-02-17,1581897600,88.0,88.0,86.5,86.7,164600
VHM,2020-02-18,1581984000,86.6,87.0,85.6,86.0,323870
VHM,2020-02-19,1582070400,85.6,86.5,85.2,86.0,514110
VHM,2020-02-20,1582156800,86.5,87.3,85.9,86.9,271380
VHM,2020-02-21,1582243200,86.5,86.9,86.0,86.1,184170
VHM,2020-02-24,1582502400,83.3,85.1,83.3,84.0,619380
VHM,2020-02-25,1582588800,82.3,83.8,81.0,83.1,410300
VHM,2020-02-26,1582675200,83.0,83.0,80.3,80.9,651880
VHM,2020-02-27,1582761600,79.9,81.0,79.0,80.8,1280250
VHM,2020-02-28,1582848000,78.5,80.4,78.5,80.4,860760
VHM,2020-03-02,1583107200,79.1,80.6,79.0,80.5,447980
VHM,2020-03-03,1583193600,80.5,81.1,80.2,80.5,742520
VHM,2020-03-04,1583280000,79.1,80.5,78.9,80.5,901070
VHM,2020-03-05,1583366400,80.1,81.5,80.1,81.0,361110
VHM,2020-03-06,1583452800,80.0,80.9,79.0,80.9,339740
VHM,2020-03-09,1583712000,78.6,78.6,75.3,75.3,973190
VHM,2020-03-10,1583798400,71.0,76.5,71.0,76.5,1050110
VHM,2020-03-11,1583884800,76.5,76.8,71.2,76.5,932900
VHM,2020-03-12,1583971200,75.5,75.5,71.2,72.0,1161120
VHM,2020-03-13,1584057600,67.0,72.0,67.0,72.0,1337180
VHM,2020-03-16,1584316800,71.0,71.8,67.5,71.8,968810
VHM,2020-03-17,1584403200,67.5,71.4,67.5,69.9,1095460
VHM,2020-03-18,1584489600,69.7,70.3,67.5,69.5,1707750
VHM,2020-03-19,1584576000,67.3,69.3,65.0,68.5,1482170
VHM,2020-03-20,1584662400,68.5,68.5,63.8,63.8,1351550
VHM,2020-03-23,1584921600,60.0,62.0,59.4,59.4,198200
VHM,2020-03-24,1585008000,55.4,58.4,55.3,55.3,2036510
VHM,2020-03-25,1585094400,57.0,59.1,54.0,59.1,1832290
VHM,2020-03-26,1585180800,59.1,63.0,57.2,61.0,2020820
VHM,2020-03-27,1585267200,60.0,61.4,58.5,60.0,710770
VHM,2020-03-30,1585526400,55.8,57.0,55.8,55.8,929820
VHM,2020-03-31,1585612800,55.8,57.9,52.0,55.0,661010
VHM,2020-04-01,1585699200,53.2,57.3,53.2,54.8,553900
VHM,2020-04-03,1585872000,56.2,57.7,55.2,57.7,940470
VHM,2020-04-06,1586131200,60.0,61.7,58.6,61.7,534020
VHM,2020-04-07,1586217600,65.5,66.0,62.1,66.0,902670
VHM,2020-04-08,1586304000,64.5,70.0,64.0,70.0,950920
VHM,2020-04-09,1586390400,70.0,70.9,68.8,69.0,854470
VHM,2020-04-10,1586476800,68.5,69.2,67.0,67.1,513310
VHM,2020-04-13,1586736000,68.0,69.5,67.1,67.3,449470
VHM,2020-04-14,1586822400,68.0,68.9,66.5,68.0,642490
VHM,2020-04-15,1586908800,68.4,69.0,67.5,67.8,533620
VHM,2020-04-16,1586995200,67.6,68.2,66.8,67.5,670940
VHM,2020-04-17,1587081600,67.5,69.2,67.5,68.5,734070
VHM,2020-04-20,1587340800,69.4,69.4,68.0,68.5,512370
VHM,2020-04-21,1587427200,68.0,68.3,66.1,68.0,1213590
VHM,2020-04-22,1587513600,65.2,68.0,65.2,65.4,1303590
VHM,2020-04-23,1587600000,67.0,67.4,65.6,66.6,1093030
VHM,2020-04-24,1587686400,66.6,66.8,64.3,65.0,2147870
VHM,2020-04-27,1587945600,65.5,66.9,64.0,64.5,1235530
VHM,2020-04-28,1588032000,67.0,68.5,64.5,64.6,3631100
VHM,2020-04-29,1588118400,64.6,65.0,63.3,63.6,2701200
VHM,2020-05-04,1588550400,63.6,64.9,63.6,64.9,1577040
VHM,2020-05-05,1588636800,64.7,65.5,63.4,63.6,2397120
VHM,2020-05-06,1588723200,63.6,67.5,63.4,67.0,4286630
VHM,2020-05-07,1588809600,67.5,68.0,66.2,67.6,1474450
VHM,2020-05-08,1588896000,68.0,72.3,67.8,70.9,3635800
VHM,2020-05-11,1589155200,71.0,73.9,70.8,73.5,2792640
VHM,2020-05-12,1589241600,73.3,73.9,72.0,73.5,1769100
VHM,2020-05-13,1589328000,72.6,73.0,70.9,71.4,3373310
VHM,2020-05-14,1589414400,70.9,71.4,70.4,70.6,2268270
VHM,2020-05-15,1589500800,71.0,72.0,70.5,71.6,1556450
VHM,2020-05-18,1589760000,71.3,72.6,70.9,71.9,1656080
VHM,2020-05-19,1589846400,73.0,74.7,72.3,73.2,3688710
VHM,2020-05-20,1589932800,72.9,77.1,72.8,77.1,4298310
VHM,2020-05-21,1590019200,77.5,78.5,76.8,78.0,2266430
VHM,2020-05-22,1590105600,77.0,77.4,75.6,76.5,2154460
VHM,2020-05-25,1590364800,76.4,78.5,74.8,76.8,4664450
VHM,2020-05-26,1590451200,77.5,77.9,76.4,76.4,2996560
VHM,2020-05-27,1590537600,76.5,77.6,74.6,74.7,3769070
VHM,2020-05-28,1590624000,74.9,76.0,74.4,75.0,4347270
VHM,2020-05-29,1590710400,75.6,77.1,75.5,76.6,3942120
VHM,2020-06-01,1590969600,77.4,79.5,77.3,79.1,3254070
VHM,2020-06-02,1591056000,79.1,79.2,77.7,77.8,2635920
VHM,2020-06-03,1591142400,78.0,78.3,77.4,77.9,2655470
VHM,2020-06-04,1591228800,78.0,78.7,77.0,77.5,3127800
VHM,2020-06-05,1591315200,77.1,77.9,76.6,77.3,2191420
VHM,2020-06-08,1591574400,78.0,78.7,77.5,77.8,2663380
VHM,2020-06-09,1591660800,78.0,78.7,77.4,77.6,2837400
VHM,2020-06-10,1591747200,77.6,77.8,76.9,77.5,3218980
VHM,2020-06-11,1591833600,77.5,78.6,76.5,76.5,5714800
VHM,2020-06-12,1591920000,73.5,75.6,73.5,75.0,3152190
VHM,2020-06-15,1592179200,75.6,75.7,70.0,70.0,3356780
VHM,2020-06-16,1592265600,72.8,74.9,72.1,74.9,3077090
VHM,2020-06-17,1592352000,76.3,77.6,75.0,76.0,2173040
VHM,2020-06-18,1592438400,75.6,76.7,75.4,76.5,1636400
VHM,2020-06-19,1592524800,76.1,77.2,76.1,76.5,1688070
VHM,2020-06-22,1592784000,78.3,78.4,76.9,78.3,2797780
VHM,2020-06-23,1592870400,78.7,78.7,76.1,77.7,2146280
VHM,2020-06-24,1592956800,77.6,78.6,75.5,75.7,2004540
VHM,2020-06-25,1593043200,74.8,75.9,74.3,75.5,1241690
VHM,2020-06-26,1593129600,76.0,76.6,75.0,75.6,753970
VHM,2020-06-29,1593388800,75.0,75.0,73.2,74.0,1068990
VHM,2020-06-30,1593475200,75.0,77.0,74.3,75.5,2302620
VHM,2020-07-01,1593561600,75.3,77.0,75.3,76.9,936450
VHM,2020-07-02,1593648000,77.0,77.4,76.4,76.9,893400
VHM,2020-07-03,1593734400,77.0,77.8,76.9,77.8,1382270
VHM,2020-07-06,1593993600,78.3,81.5,77.4,80.8,4330280
VHM,2020-07-07,1594080000,81.0,81.9,80.5,80.8,1414070
VHM,2020-07-08,1594166400,80.3,81.0,79.8,80.4,800360
VHM,2020-07-09,1594252800,80.8,81.7,80.3,80.8,1220730
VHM,2020-07-10,1594339200,80.5,80.7,79.0,79.4,1706520
VHM,2020-07-13,1594598400,80.1,80.1,79.1,79.1,988800
VHM,2020-07-14,1594684800,78.8,81.0,78.5,80.5,1461550
VHM,2020-07-15,1594771200,81.1,83.0,80.8,81.1,2351560
VHM,2020-07-16,1594857600,81.1,81.5,80.3,81.5,922350
VHM,2020-07-17,1594944000,81.5,81.5,80.4,80.5,835720
VHM,2020-07-20,1595203200,80.7,81.1,79.0,79.2,1361250
VHM,2020-07-21,1595289600,79.3,79.5,77.5,78.8,2108040
VHM,2020-07-22,1595376000,78.8,79.5,77.0,77.5,1707150
VHM,2020-07-23,1595462400,77.5,78.8,77.5,78.8,882880
VHM,2020-07-24,1595548800,78.0,78.8,74.5,76.0,2649390
VHM,2020-07-27,1595808000,72.0,74.5,70.9,70.9,2662390
VHM,2020-07-28,1595894400,71.2,75.8,71.2,75.8,2561800
VHM,2020-07-29,1595980800,75.3,75.3,72.6,74.0,1809000
VHM,2020-07-30,1596067200,74.0,77.2,74.0,76.6,1637120
VHM,2020-07-31,1596153600,74.6,77.9,74.6,77.7,2417730
VHM,2020-08-03,1596412800,77.0,78.8,76.8,78.5,1482350
VHM,2020-08-04,1596499200,79.5,79.5,77.8,79.0,1382760
VHM,2020-08-05,1596585600,79.0,79.7,77.8,79.6,1303680
VHM,2020-08-06,1596672000,79.5,79.9,78.6,79.6,1072220
VHM,2020-08-07,1596758400,79.7,80.0,78.6,79.6,1199110
VHM,2020-08-10,1597017600,79.8,80.0,78.9,79.6,1688770
VHM,2020-08-11,1597104000,79.6,79.9,78.6,79.4,905140
VHM,2020-08-12,1597190400,79.6,79.6,78.4,79.4,1497320
VHM,2020-08-13,1597276800,79.4,79.7,78.7,79.4,2025090
VHM,2020-08-14,1597363200,78.9,80.9,78.9,79.7,1189750
VHM,2020-08-17,1597622400,79.0,79.9,78.4,79.7,1107050
VHM,2020-08-18,1597708800,79.7,79.7,78.6,79.6,1425980
VHM,2020-08-19,1597795200,79.5,80.9,78.9,80.0,1155260
VHM,2020-08-20,1597881600,80.0,82.2,79.8,80.0,2428430
VHM,2020-08-21,1597968000,80.0,80.1,79.5,79.5,1074330
VHM,2020-08-24,1598227200,79.7,80.6,79.7,80.0,1475240
VHM,2020-08-25,1598313600,80.0,80.5,79.6,79.6,1907340
VHM,2020-08-26,1598400000,79.6,80.3,79.3,79.5,2249680
VHM,2020-08-27,1598486400,79.4,79.5,78.2,78.5,2357000
VHM,2020-08-28,1598572800,79.0,79.1,78.3,78.6,1742840
VHM,2020-08-31,1598832000,78.5,79.2,78.2,78.5,1682380
VHM,2020-09-01,1598918400,78.3,78.9,77.5,78.7,1565620
VHM,2020-09-03,1599091200,79.1,80.6,78.7,79.6,2913590
VHM,2020-09-04,1599177600,79.2,80.3,78.8,80.0,2171010
VHM,2020-09-07,1599436800,80.3,81.2,79.0,79.1,2013250
VHM,2020-09-08,1599523200,79.2,79.6,78.2,78.5,1816120
VHM,2020-09-09,1599609600,78.0,78.6,77.5,78.6,1956880
VHM,2020-09-10,1599696000,79.0,80.6,77.8,78.1,4229990
VHM,2020-09-11,1599782400,78.1,78.2,77.5,77.7,2344930
VHM,2020-09-14,1600041600,77.7,78.3,77.5,77.5,1824670
VHM,2020-09-15,1600128000,59.079,59.079,58.017,58.245,4717630
VHM,2020-09-16,1600214400,58.093,58.927,58.093,58.548,1379550
VHM,2020-09-17,1600300800,58.548,58.7,58.093,58.169,1809830
VHM,2020-09-18,1600387200,58.396,58.548,58.169,58.32,1791160
VHM,2020-09-21,1600646400,58.472,58.851,58.472,58.472,1677550
VHM,2020-09-22,1600732800,58.548,58.548,58.017,58.245,1612500
VHM,2020-09-23,1600819200,58.396,59.079,58.32,58.776,1398940
VHM,2020-09-24,1600905600,58.776,59.458,58.472,58.472,1704250
VHM,2020-09-25,1600992000,58.472,59.079,58.396,58.472,919900
VHM,2020-09-28,1601251200,58.624,59.003,58.093,58.093,2015680
VHM,2020-09-29,1601337600,58.245,58.32,56.955,57.107,3772160
VHM,2020-09-30,1601424000,57.107,57.941,56.955,57.259,1677150
VHM,2020-10-01,1601510400,57.865,58.548,57.714,58.472,1359510
VHM,2020-10-02,1601596800,58.396,58.7,56.88,57.562,1730820
VHM,2020-10-05,1601856000,57.638,58.32,57.562,57.638,1080840
VHM,2020-10-06,1601942400,57.638,58.245,57.638,57.714,1505510
VHM,2020-10-07,1602028800,57.714,58.7,57.714,58.245,2596060
VHM,2020-10-08,1602115200,58.396,58.548,57.865,58.093,1043430
VHM,2020-10-09,1602201600,58.093,58.7,58.017,58.396,1456580
VHM,2020-10-12,1602460800,58.548,60.065,58.396,58.776,4265300
VHM,2020-10-13,1602547200,59.079,59.61,58.851,59.231,1233860
VHM,2020-10-14,1602633600,59.458,59.837,59.231,59.534,2030870
VHM,2020-10-15,1602720000,59.686,59.989,58.776,58.776,2689830
VHM,2020-10-16,1602806400,59.079,59.079,58.32,58.396,1811510
VHM,2020-10-19,1603065600,58.245,58.396,57.638,57.714,2467450
VHM,2020-10-20,1603152000,57.714,58.093,57.486,57.79,2257630
VHM,2020-10-21,1603238400,57.941,58.927,57.79,57.941,1862630
VHM,2020-10-22,1603324800,58.017,58.776,57.79,58.776,1591870
VHM,2020-10-23,1603411200,59.155,60.596,59.003,60.292,5830890
VHM,2020-10-26,1603670400,61.051,61.506,59.534,59.534,3668950
VHM,2020-10-27,1603756800,59.913,60.065,58.851,58.851,2422480
VHM,2020-10-28,1603843200,58.548,58.927,57.335,57.335,3139990
VHM,2020-10-29,1603929600,57.259,58.169,57.183,57.79,2088330
VHM,2020-10-30,1604016000,58.396,58.396,56.804,57.638,3013800
VHM,2020-11-02,1604275200,57.638,57.865,57.183,57.562,1162890
VHM,2020-11-03,1604361600,57.79,57.79,57.259,57.486,2067320
VHM,2020-11-04,1604448000,57.638,58.017,57.41,57.562,1825770
VHM,2020-11-05,1604534400,57.638,58.32,57.41,57.41,1779570
VHM,2020-11-06,1604620800,57.41,57.638,57.335,57.41,1695290
VHM,2020-11-09,1604880000,57.638,59.155,57.638,59.155,3746870
VHM,2020-11-10,1604966400,59.686,59.913,58.7,58.7,3627750
VHM,2020-11-11,1605052800,59.079,59.231,58.093,58.093,2717770
VHM,2020-11-12,1605139200,58.093,58.776,58.093,58.548,1464300
VHM,2020-11-13,1605225600,58.548,59.534,58.548,59.382,2425260
VHM,2020-11-16,1605484800,59.61,60.065,57.638,58.093,4096110
VHM,2020-11-17,1605571200,58.396,59.382,58.169,59.382,2250180
VHM,2020-11-18,1605657600,59.306,59.306,58.624,58.624,2008090
VHM,2020-11-19,1605744000,58.776,59.306,58.548,58.776,2451380
VHM,2020-11-20,1605830400,59.155,59.761,58.851,59.534,2692820
VHM,2020-11-23,1606089600,60.216,61.354,60.141,61.127,5107110
VHM,2020-11-24,1606176000,61.43,63.553,61.127,63.553,5458900
VHM,2020-11-25,1606262400,63.705,64.994,63.25,63.326,3544000
VHM,2020-11-26,1606348800,62.871,63.098,62.264,62.719,2313600
VHM,2020-11-27,1606435200,62.719,63.326,62.264,62.947,2024240
VHM,2020-11-30,1606694400,63.326,63.933,62.34,62.643,3533370
VHM,2020-12-01,1606780800,61.809,63.174,61.809,63.174,2597660
VHM,2020-12-02,1606867200,63.098,65.07,63.098,64.615,4703540
VHM,2020-12-03,1606953600,64.919,64.919,64.084,64.388,1673260
VHM,2020-12-04,1607040000,64.464,64.615,63.781,64.388,2190950
VHM,2020-12-07,1607299200,64.084,64.539,63.553,64.236,1479390
VHM,2020-12-08,1607385600,64.388,64.994,63.933,64.008,1532530
VHM,2020-12-09,1607472000,64.084,64.691,63.857,64.464,2136700
VHM,2020-12-10,1607558400,64.767,64.994,63.402,63.402,2406160
VHM,2020-12-11,1607644800,63.402,64.464,63.25,64.464,2406180
VHM,2020-12-14,1607904000,64.767,65.98,64.464,65.98,2974170
VHM,2020-12-15,1607990400,65.601,66.815,64.464,65.222,4050090
VHM,2020-12-16,1608076800,65.222,65.677,64.843,65.374,1812470
VHM,2020-12-17,1608163200,65.222,65.222,64.084,64.236,4870320
VHM,2020-12-18,1608249600,64.236,65.222,64.16,64.691,3038890
VHM,2020-12-21,1608508800,64.919,66.208,64.919,66.056,3322250
VHM,2020-12-22,1608595200,66.132,66.663,65.525,65.904,2163130
VHM,2020-12-23,1608681600,66.284,67.497,65.829,66.284,3220800
VHM,2020-12-24,1608768000,66.739,66.815,64.084,65.449,2687430
VHM,2020-12-25,1608854400,65.374,66.435,64.919,66.435,1584940
VHM,2020-12-28,1609113600,67.118,67.194,65.753,66.511,1905670
VHM,2020-12-29,1609200000,66.511,68.635,66.056,68.483,3451160
VHM,2020-12-30,1609286400,68.711,69.772,68.256,68.407,2027680
VHM,2020-12-31,1609372800,69.166,69.317,67.876,67.876,1272810
VHM,2021-01-04,1609718400,69.014,70.455,68.18,69.772,3077500
VHM,2021-01-05,1609804800,69.621,72.806,69.393,72.503,2853200
VHM,2021-01-06,1609891200,73.185,73.261,71.441,71.896,2838200
VHM,2021-01-07,1609977600,71.896,72.123,70.834,71.896,2926400
VHM,2021-01-08,1610064000,72.427,73.413,72.275,73.109,2187200
VHM,2021-01-11,1610323200,74.323,78.191,74.019,78.191,4512700
VHM,2021-01-12,1610409600,79.48,79.556,78.191,78.418,2862600
VHM,2021-01-13,1610496000,78.873,78.949,75.536,76.522,2972500
VHM,2021-01-14,1610582400,76.522,76.75,74.778,75.536,3274800
VHM,2021-01-15,1610668800,75.915,77.053,75.384,77.053,2078100
VHM,2021-01-18,1610928000,77.356,77.963,75.536,76.598,2291200
VHM,2021-01-19,1611014400,75.84,76.37,71.289,73.413,3552500
VHM,2021-01-20,1611100800,73.564,78.115,71.668,73.944,3457300
VHM,2021-01-21,1611187200,74.323,75.384,74.171,75.081,3018300
VHM,2021-01-22,1611273600,75.384,76.598,75.005,75.309,2262800
VHM,2021-01-25,1611532800,75.46,75.915,74.778,75.46,2142000
VHM,2021-01-26,1611619200,75.536,75.612,72.048,74.323,2105700
VHM,2021-01-27,1611705600,72.806,74.474,69.393,71.213,3312000
VHM,2021-01-28,1611792000,66.36,68.028,66.284,66.284,3197600
VHM,2021-01-29,1611878400,63.705,70.91,63.705,70.91,5469400
VHM,2021-02-01,1612137600,70.986,72.048,66.966,66.966,2634200
VHM,2021-02-02,1612224000,67.497,71.592,66.739,71.592,2756900
VHM,2021-02-03,1612310400,71.668,75.005,71.668,73.716,3365900
VHM,2021-02-04,1612396800,73.716,75.005,72.199,74.626,2498900
VHM,2021-02-05,1612483200,75.081,75.536,74.55,75.309,2245800
VHM,2021-02-08,1612742400,75.309,75.384,70.152,71.82,4803100
VHM,2021-02-09,1612828800,72.73,73.792,71.213,73.413,2668600
VHM,2021-02-17,1613520000,74.323,76.75,73.564,76.598,3701700
VHM,2021-02-18,1613606400,76.598,78.266,75.84,78.266,4499400
VHM,2021-02-19,1613692800,77.356,78.418,76.825,78.191,1911800
VHM,2021-02-22,1613952000,78.721,80.542,78.57,80.238,4390500
VHM,2021-02-23,1614038400,80.238,80.693,78.873,79.859,2039100
VHM,2021-02-24,1614124800,80.39,80.39,76.598,77.963,3720700
VHM,2021-02-25,1614211200,78.115,78.57,76.977,77.963,2300900
VHM,2021-02-26,1614297600,76.825,77.963,76.143,77.053,2385600
VHM,2021-03-01,1614556800,77.356,78.418,77.28,78.115,2302000
VHM,2021-03-02,1614643200,78.873,79.252,77.129,77.963,2460000
VHM,2021-03-03,1614729600,77.736,77.736,76.825,76.977,2148400
VHM,2021-03-04,1614816000,77.28,77.356,74.323,75.84,2714300
VHM,2021-03-05,1614902400,74.626,75.46,74.323,74.626,2865300
VHM,2021-03-08,1615161600,75.612,75.688,73.413,73.716,3046500
VHM,2021-03-09,1615248000,73.564,75.309,72.199,74.474,2196300
VHM,2021-03-10,1615334400,75.46,76.067,74.323,75.764,2406700
VHM,2021-03-11,1615420800,76.598,76.901,75.005,75.84,1726900
VHM,2021-03-12,1615507200,75.84,76.75,75.309,75.764,1733400
VHM,2021-03-15,1615766400,75.764,75.84,74.702,75.688,2288400
VHM,2021-03-16,1615852800,75.536,75.688,74.399,75.46,1317500
VHM,2021-03-17,1615939200,74.929,75.612,74.399,75.309,2007400
VHM,2021-03-18,1616025600,75.46,75.764,74.323,75.612,1374800
VHM,2021-03-19,1616112000,75.081,75.309,74.171,74.171,2747200
VHM,2021-03-22,1616371200,74.854,75.46,74.323,75.309,1576700
VHM,2021-03-23,1616457600,74.778,75.233,74.323,74.854,1319900
VHM,2021-03-24,1616544000,74.019,74.323,72.806,73.716,2103300
VHM,2021-03-25,1616630400,73.716,74.095,72.048,73.337,2404000
VHM,2021-03-26,1616716800,73.185,73.337,71.365,72.578,2265800
VHM,2021-03-29,1616976000,72.806,73.185,72.123,72.958,1446000
VHM,2021-03-30,1617062400,72.958,74.247,72.73,73.033,2901300
VHM,2021-03-31,1617148800,73.185,74.626,73.185,73.792,1897500
VHM,2021-04-01,1617235200,73.944,75.46,73.64,75.081,2578700
VHM,2021-04-02,1617321600,75.84,77.205,75.612,76.37,2203200
VHM,2021-04-05,1617580800,78.115,79.632,76.598,77.129,2653200
VHM,2021-04-06,1617667200,77.129,78.115,76.825,77.129,2102600
VHM,2021-04-07,1617753600,76.37,76.901,75.46,76.219,2485300
VHM,2021-04-08,1617840000,76.219,76.219,75.612,75.612,1584900
VHM,2021-04-09,1617926400,75.233,75.233,74.323,75.005,2111100
VHM,2021-04-12,1618185600,75.46,77.356,75.309,77.205,3269900
VHM,2021-04-13,1618272000,78.039,79.632,77.205,77.736,4016800
VHM,2021-04-14,1618358400,74.702,76.219,74.247,76.219,8169000
VHM,2021-04-15,1618444800,77.205,79.252,76.37,76.75,7972300
VHM,2021-04-16,1618531200,76.75,79.252,74.323,76.598,6593100
VHM,2021-04-19,1618790400,78.115,79.252,76.825,79.252,9104900
VHM,2021-04-20,1618876800,81.376,84.789,80.845,82.362,15266000
VHM,2021-04-22,1619049600,82.665,85.244,78.191,78.191,6647900
VHM,2021-04-23,1619136000,78.57,79.632,77.356,79.632,8823200
VHM,2021-04-26,1619395200,79.632,79.632,75.536,75.536,8982600
VHM,2021-04-27,1619481600,75.536,76.674,74.474,75.84,3979800
VHM,2021-04-28,1619568000,75.84,78.039,75.84,76.522,5756900
VHM,2021-04-29,1619654400,76.901,76.977,75.081,75.309,5374300
VHM,2021-05-04,1620086400,74.323,75.46,72.882,75.233,4388500
VHM,2021-05-05,1620172800,75.233,76.75,75.233,75.536,2850600
VHM,2021-05-06,1620259200,75.536,76.598,74.854,74.854,2793600
VHM,2021-05-07,1620345600,74.702,75.46,73.564,73.64,5114200
VHM,2021-05-10,1620604800,72.882,75.688,72.882,75.157,3933700
VHM,2021-05-11,1620691200,75.764,75.764,74.323,74.323,3142600
VHM,2021-05-12,1620777600,73.944,74.55,73.413,74.095,3510300
VHM,2021-05-13,1620864000,73.716,74.55,73.488,73.564,2560600
VHM,2021-05-14,1620950400,73.868,74.702,73.488,73.716,2990500
VHM,2021-05-17,1621209600,75.309,78.494,75.309,76.446,5913000
VHM,2021-05-18,1621296000,77.053,77.356,75.005,75.005,3455700
VHM,2021-05-19,1621382400,75.233,76.37,74.702,76.143,2871000
VHM,2021-05-20,1621468800,76.143,77.356,75.233,77.356,3923100
VHM,2021-05-21,1621555200,76.977,79.025,76.219,78.797,6075800
VHM,2021-05-24,1621814400,79.48,81.148,78.873,80.39,5182000
VHM,2021-05-25,1621900800,79.783,80.314,79.025,79.328,2865100
VHM,2021-05-26,1621987200,79.328,81.3,78.721,80.162,4679100
VHM,2021-05-27,1622073600,80.39,81.528,74.854,79.176,4530700
VHM,2021-05-28,1622160000,79.632,80.011,78.266,79.328,3237700
VHM,2021-05-31,1622419200,77.002,77.002,74.496,75.601,5075900
VHM,2021-06-01,1622505600,75.159,77.886,74.644,76.633,3869100
VHM,2021-06-02,1622592000,76.265,77.738,75.896,76.928,2664100
VHM,2021-06-03,1622678400,77.075,78.107,77.075,77.665,5044900
VHM,2021-06-04,1622764800,78.844,79.065,76.486,77.002,3635200
VHM,2021-06-07,1623024000,77.002,78.696,77.002,78.107,4249400
VHM,2021-06-08,1623110400,78.623,80.686,77.37,77.591,7252600
VHM,2021-06-09,1623196800,78.107,78.696,77.002,78.18,3322600
VHM,2021-06-10,1623283200,78.107,78.844,76.633,76.707,3369400
VHM,2021-06-11,1623369600,76.633,78.402,76.486,78.107,3884300
VHM,2021-06-14,1623628800,79.212,81.717,78.917,80.981,7532600
VHM,2021-06-15,1623715200,82.528,83.339,81.865,82.97,5394500
VHM,2021-06-16,1623801600,82.528,83.265,80.391,81.054,4021200
VHM,2021-06-17,1623888000,79.949,81.054,79.654,80.317,3866300
VHM,2021-06-18,1623974400,81.054,85.475,80.17,82.896,4789800
VHM,2021-06-21,1624233600,82.454,83.265,81.791,82.528,3350800
VHM,2021-06-22,1624320000,82.454,82.749,82.16,82.16,2497800
VHM,2021-06-23,1624406400,82.528,82.528,80.244,82.012,3874800
VHM,2021-06-24,1624492800,81.717,84.739,81.054,82.602,3936900
VHM,2021-06-25,1624579200,83.265,83.633,82.233,82.602,2846300
VHM,2021-06-28,1624838400,83.265,85.107,82.823,85.107,7156600
VHM,2021-06-29,1624924800,85.475,87.981,85.328,87.391,5907600
VHM,2021-06-30,1625011200,87.686,88.718,86.433,86.949,5135400
VHM,2021-07-01,1625097600,86.286,87.318,86.065,86.36,3700200
VHM,2021-07-02,1625184000,86.36,87.833,85.844,86.949,3152400
VHM,2021-07-05,1625443200,87.686,87.686,84.886,87.318,4553400
VHM,2021-07-06,1625529600,87.023,87.76,81.275,81.275,4255400
VHM,2021-07-07,1625616000,81.791,86.212,80.686,86.212,7071300
VHM,2021-07-08,1625702400,85.107,85.991,83.854,84.739,4664700
VHM,2021-07-09,1625788800,83.781,85.402,82.16,82.896,3902100
VHM,2021-07-12,1626048000,82.528,82.528,77.149,79.581,8065200
VHM,2021-07-13,1626134400,80.981,80.981,78.107,80.686,2562500
VHM,2021-07-14,1626220800,80.833,82.675,79.433,80.686,3325300
VHM,2021-07-15,1626307200,79.949,81.496,79.949,81.275,4555800
VHM,2021-07-16,1626393600,81.275,81.423,80.096,80.317,2119200
VHM,2021-07-19,1626652800,78.77,79.359,76.117,76.854,3189800
VHM,2021-07-20,1626739200,77.812,78.549,75.896,78.549,4045600
VHM,2021-07-21,1626825600,79.212,80.17,78.549,79.581,3042000
VHM,2021-07-22,1626912000,79.581,81.791,78.844,81.791,3402500
VHM,2021-07-23,1626998400,81.054,82.16,79.286,79.286,2635200
VHM,2021-07-26,1627257600,79.212,81.496,78.991,80.76,2753500
VHM,2021-07-27,1627344000,81.57,81.644,79.286,79.433,5342500
VHM,2021-07-28,1627430400,78.917,79.359,77.812,78.475,4909500
VHM,2021-07-29,1627516800,80.317,80.538,78.475,79.507,3954600
VHM,2021-07-30,1627603200,79.581,80.17,78.844,79.802,4731600
VHM,2021-08-02,1627862400,79.581,79.875,78.917,79.654,4807700
VHM,2021-08-03,1627948800,79.433,82.675,79.433,81.717,9951300
VHM,2021-08-04,1628035200,82.16,82.528,80.686,81.423,4121600
VHM,2021-08-05,1628121600,81.349,82.307,80.981,82.307,5258200
VHM,2021-08-06,1628208000,82.528,84.37,82.381,83.928,11226500
VHM,2021-08-09,1628467200,83.928,86.507,83.633,86.507,6329000
VHM,2021-08-10,1628553600,87.318,87.76,86.212,86.212,7700400
VHM,2021-08-11,1628640000,86.212,86.728,85.033,85.475,8250600
VHM,2021-08-12,1628726400,85.328,86.433,84.886,86.212,5228900
VHM,2021-08-13,1628812800,86.949,88.939,86.36,88.423,10159600
VHM,2021-08-16,1629072000,89.823,89.823,84.444,85.475,18686700
VHM,2021-08-17,1629158400,84.739,85.107,81.423,81.791,19975200
VHM,2021-08-18,1629244800,81.054,83.633,79.507,81.054,23516400
VHM,2021-08-19,1629331200,81.054,82.086,80.317,81.791,18153200
VHM,2021-08-20,1629417600,81.791,81.791,79.433,79.654,20500700
VHM,2021-08-23,1629676800,79.212,80.317,78.991,78.991,15955500
VHM,2021-08-24,1629763200,79.212,79.654,78.475,79.065,20691400
VHM,2021-08-25,1629849600,79.212,79.507,78.696,78.844,16184100
VHM,2021-08-26,1629936000,78.844,79.138,77.37,78.549,13182400
VHM,2021-08-27,1630022400,78.107,78.77,77.37,78.77,9953900
VHM,2021-08-30,1630281600,78.917,79.359,78.549,78.77,8782700
VHM,2021-08-31,1630368000,78.844,78.917,78.254,78.402,10567000
VHM,2021-09-01,1630454400,79.875,80.465,78.549,78.844,21977200
VHM,2021-09-06,1630886400,79.507,80.244,78.696,79.875,13077500
VHM,2021-09-07,1630972800,80.317,81.791,79.949,80.76,11598900
VHM,2021-09-08,1631059200,80.833,81.054,79.359,79.507,9311500
VHM,2021-09-09,1631145600,79.212,80.244,78.917,79.359,9925000
VHM,2021-09-10,1631232000,79.581,80.244,79.212,79.212,15193100
VHM,2021-09-13,1631491200,79.581,79.654,78.696,78.844,9821600
VHM,2021-09-14,1631577600,78.844,79.875,78.623,78.844,10966200
VHM,2021-09-15,1631664000,79.962,81.128,78.408,79.574,9287400
VHM,2021-09-16,1631750400,79.671,80.157,77.728,77.825,7925100
VHM,2021-09-17,1631836800,77.825,79.185,77.339,78.893,6873600
VHM,2021-09-20,1632096000,78.505,78.796,77.63,77.63,5456900
VHM,2021-09-21,1632182400,76.27,77.533,73.938,75.299,13434500
VHM,2021-09-22,1632268800,75.784,75.979,73.841,75.784,8759600
VHM,2021-09-23,1632355200,75.881,77.242,75.784,77.047,4687300
VHM,2021-09-24,1632441600,77.047,78.019,76.464,77.339,4577300
VHM,2021-09-27,1632700800,77.339,77.339,75.979,75.979,5151700
VHM,2021-09-28,1632787200,75.299,77.145,75.201,76.27,5298500
VHM,2021-09-29,1632873600,76.27,76.659,75.493,75.979,2992100
VHM,2021-09-30,1632960000,76.27,77.145,75.979,76.076,3151100
VHM,2021-10-01,1633046400,76.076,76.076,74.813,74.813,4115400
VHM,2021-10-04,1633305600,74.813,75.979,74.035,75.784,4104600
VHM,2021-10-05,1633392000,75.59,77.339,75.299,77.145,4573100
VHM,2021-10-06,1633478400,77.436,78.213,77.339,78.213,4488000
VHM,2021-10-07,1633564800,78.31,78.505,77.436,77.728,2556200
VHM,2021-10-08,1633651200,77.533,78.505,77.436,77.63,3466200
VHM,2021-10-11,1633910400,77.63,78.699,77.242,78.699,5384000
VHM,2021-10-12,1633996800,78.699,79.282,78.116,78.602,8096900
VHM,2021-10-13,1634083200,78.699,78.699,77.63,77.728,5259700
VHM,2021-10-14,1634169600,77.728,77.728,76.562,76.659,8587800
VHM,2021-10-15,1634256000,76.659,77.242,75.881,76.464,5269100
VHM,2021-10-18,1634515200,76.562,77.242,76.27,76.659,4542000
VHM,2021-10-19,1634601600,76.659,77.533,76.27,77.145,5568400
VHM,2021-10-20,1634688000,77.339,77.339,75.979,76.562,5507700
VHM,2021-10-21,1634774400,76.562,76.659,75.687,75.687,5861900
VHM,2021-10-22,1634860800,75.979,76.659,75.784,75.784,4153100
VHM,2021-10-25,1635120000,76.367,77.436,75.979,76.27,6781600
VHM,2021-10-26,1635206400,76.659,77.047,76.27,76.464,2940100
VHM,2021-10-27,1635292800,76.659,78.893,76.659,78.699,8780700
VHM,2021-10-28,1635379200,78.991,79.185,78.213,78.699,5310000
VHM,2021-10-29,1635465600,78.893,83.071,78.893,83.071,15578000
VHM,2021-11-01,1635724800,83.557,84.432,81.614,81.905,9723600
VHM,2021-11-02,1635811200,82.003,82.78,81.905,82.586,5784000
VHM,2021-11-03,1635897600,82.683,83.071,80.254,80.545,11230500
VHM,2021-11-04,1635984000,80.157,81.128,79.476,80.351,8241100
VHM,2021-11-05,1636070400,79.865,80.448,79.282,79.671,8244100
VHM,2021-11-08,1636329600,80.157,80.642,79.185,80.059,8203200
VHM,2021-11-09,1636416000,80.157,82.1,79.671,80.642,8139200
VHM,2021-11-10,1636502400,81.031,81.128,80.254,80.254,4154800
VHM,2021-11-11,1636588800,80.351,80.448,79.088,79.185,9431300
VHM,2021-11-12,1636675200,79.282,79.671,78.505,79.671,5317400
VHM,2021-11-15,1636934400,80.157,82.003,79.768,81.614,9673200
VHM,2021-11-16,1637020800,81.614,81.905,80.351,80.642,6114200
VHM,2021-11-17,1637107200,80.642,81.614,80.448,81.128,5259600
VHM,2021-11-18,1637193600,81.128,81.517,80.059,80.448,6316700
VHM,2021-11-19,1637280000,80.545,80.739,77.728,78.213,7517600
VHM,2021-11-22,1637539200,78.893,79.185,77.436,78.699,6326700
VHM,2021-11-23,1637625600,78.699,80.157,78.408,80.157,3583700
VHM,2021-11-24,1637712000,80.351,81.322,79.476,81.322,7322400
VHM,2021-11-25,1637798400,81.905,82.586,81.128,81.517,8611000
VHM,2021-11-26,1637884800,81.517,82.488,80.837,80.934,8576100
VHM,2021-11-29,1638144000,79.282,82.391,79.282,82.391,11265700
VHM,2021-11-30,1638230400,83.071,83.071,80.642,82.197,8501600
VHM,2021-12-01,1638316800,81.808,82.1,80.448,80.545,6787500
VHM,2021-12-02,1638403200,80.837,81.031,79.962,79.962,4813200
VHM,2021-12-03,1638489600,80.254,80.739,77.922,77.922,5699400
VHM,2021-12-06,1638748800,78.602,78.796,77.145,77.436,6641800
VHM,2021-12-07,1638835200,78.31,79.476,77.922,79.282,4522700
VHM,2021-12-08,1638921600,79.379,79.476,78.602,78.699,3810100
VHM,2021-12-09,1639008000,78.796,79.476,78.31,79.282,2766400
VHM,2021-12-10,1639094400,78.991,79.282,78.31,78.602,4327100
VHM,2021-12-13,1639353600,78.699,81.128,78.602,79.768,6503000
VHM,2021-12-14,1639440000,80.157,80.642,79.574,79.768,3082100
VHM,2021-12-15,1639526400,79.865,80.545,79.282,80.254,3589800
VHM,2021-12-16,1639612800,80.448,80.448,79.379,79.962,3290500
VHM,2021-12-17,1639699200,80.059,83.557,80.059,82.1,25185800
VHM,2021-12-20,1639958400,82.78,82.78,80.934,81.128,4652600
VHM,2021-12-21,1640044800,81.128,84.334,81.128,83.557,16016300
VHM,2021-12-22,1640131200,84.334,85.015,82.78,83.266,8928800
VHM,2021-12-23,1640217600,83.46,83.654,80.157,80.157,8897300
VHM,2021-12-24,1640304000,80.351,80.934,79.865,80.545,6813200
VHM,2021-12-27,1640563200,80.739,81.128,79.185,80.448,4999700
VHM,2021-12-28,1640649600,80.642,81.808,80.254,80.448,4469100
VHM,2021-12-29,1640736000,80.545,81.128,79.379,79.379,5229300
VHM,2021-12-30,1640822400,80.059,80.059,79.282,79.282,5845500
VHM,2021-12-31,1640908800,79.671,79.962,79.282,79.671,4633900
VHM,2022-01-04,1641254400,80.351,82.974,80.157,82.683,10190100
VHM,2022-01-05,1641340800,82.683,83.46,81.614,81.614,7373100
VHM,2022-01-06,1641427200,81.614,83.557,81.614,82.877,10551700
VHM,2022-01-07,1641513600,83.071,83.946,81.905,82.974,8240800
VHM,2022-01-10,1641772800,83.071,84.917,82.197,82.974,9915000
VHM,2022-01-11,1641859200,83.071,83.266,80.642,81.225,6135600
VHM,2022-01-12,1641945600,80.642,82.003,79.088,81.225,6533800
VHM,2022-01-13,1642032000,81.614,81.905,79.671,79.865,6683500
VHM,2022-01-14,1642118400,79.671,80.448,79.282,79.865,3589700
VHM,2022-01-17,1642377600,79.962,80.157,76.853,76.853,8310500
VHM,2022-01-18,1642464000,76.95,77.728,73.938,74.813,8073900
VHM,2022-01-19,1642550400,74.813,76.076,74.813,75.396,3344400
VHM,2022-01-20,1642636800,75.396,77.339,75.201,76.367,3627700
VHM,2022-01-21,1642723200,77.145,77.242,75.493,77.145,5040100
VHM,2022-01-24,1642982400,76.464,76.756,74.035,74.035,5605300
VHM,2022-01-25,1643068800,74.327,78.699,73.55,78.699,5762000
VHM,2022-01-26,1643155200,78.699,78.893,77.728,78.893,3922600
VHM,2022-01-27,1643241600,78.893,79.476,77.436,78.699,4446800
VHM,2022-01-28,1643328000,78.116,78.893,77.922,78.019,3900100
VHM,2022-02-07,1644192000,79.282,80.642,78.893,79.865,4868100
VHM,2022-02-08,1644278400,80.157,80.157,78.699,78.893,3101900
VHM,2022-02-09,1644364800,78.893,81.614,78.893,79.185,4706300
VHM,2022-02-10,1644451200,79.476,79.476,77.339,77.825,5872800
VHM,2022-02-11,1644537600,77.728,78.213,77.242,77.436,3480800
VHM,2022-02-14,1644796800,76.756,77.242,75.881,75.881,5093500
VHM,2022-02-15,1644883200,75.881,78.602,75.881,77.728,3777500
VHM,2022-02-16,1644969600,78.019,78.213,77.436,77.728,2334400
VHM,2022-02-17,1645056000,77.728,78.505,77.436,78.505,2803200
VHM,2022-02-18,1645142400,77.728,78.019,77.339,77.436,3373300
VHM,2022-02-21,1645401600,77.728,78.213,77.436,77.728,3116800
VHM,2022-02-22,1645488000,77.047,77.242,76.173,77.047,5146700
VHM,2022-02-23,1645574400,77.533,78.019,77.047,77.145,2850000
VHM,2022-02-24,1645660800,77.047,77.242,74.91,76.367,5284300
VHM,2022-02-25,1645747200,76.756,77.047,76.076,76.076,2693300
VHM,2022-02-28,1646006400,76.076,76.367,75.299,75.299,2837300
VHM,2022-03-01,1646092800,75.299,75.979,75.299,75.784,2459200
VHM,2022-03-02,1646179200,75.493,75.784,74.813,75.299,3397800
VHM,2022-03-03,1646265600,75.687,76.27,75.007,75.784,3942400
VHM,2022-03-04,1646352000,75.784,76.27,75.007,75.687,4102000
VHM,2022-03-07,1646611200,75.007,75.007,73.647,74.035,7634300
VHM,2022-03-08,1646697600,73.744,74.327,72.481,72.481,6032800
VHM,2022-03-09,1646784000,72.87,72.87,71.704,71.898,7395400
VHM,2022-03-10,1646870400,72.675,73.744,72.384,73.064,3775700
VHM,2022-03-11,1646956800,73.064,73.064,71.898,72.87,3610200
VHM,2022-03-14,1647216000,72.481,72.578,71.315,72.384,3437200
VHM,2022-03-15,1647302400,72.675,72.675,71.606,72.384,4163200
VHM,2022-03-16,1647388800,72.189,72.384,71.606,72.092,4047200
VHM,2022-03-17,1647475200,71.898,73.647,71.801,71.898,2869600
VHM,2022-03-18,1647561600,72.578,74.133,72.092,72.481,7410800
VHM,2022-03-21,1647820800,73.161,75.299,73.064,75.299,4454000
VHM,2022-03-22,1647907200,75.396,76.27,74.618,75.784,4130400
VHM,2022-03-23,1647993600,75.784,75.881,74.91,75.007,3617700
VHM,2022-03-24,1648080000,74.813,74.813,73.452,73.55,4527700
VHM,2022-03-25,1648166400,73.647,74.133,73.355,73.744,2713700
VHM,2022-03-28,1648425600,73.161,73.55,72.287,72.772,3712400
VHM,2022-03-29,1648512000,72.772,74.424,72.675,74.327,2945900
VHM,2022-03-30,1648598400,73.647,74.133,72.578,73.647,4088400
VHM,2022-03-31,1648684800,73.452,73.841,72.967,73.647,3394300
VHM,2022-04-01,1648771200,73.355,74.327,72.967,74.035,4095000
VHM,2022-04-04,1649030400,74.813,74.813,73.938,74.133,3127700
VHM,2022-04-05,1649116800,74.133,75.299,73.841,74.23,3785900
VHM,2022-04-06,1649203200,73.841,74.133,72.967,74.133,3879900
VHM,2022-04-07,1649289600,73.841,73.938,72.578,72.87,4601800
VHM,2022-04-08,1649376000,72.967,73.841,72.384,72.967,4471900
VHM,2022-04-12,1649721600,72.772,72.967,70.926,70.926,4356200
VHM,2022-04-13,1649808000,71.121,71.315,70.149,71.023,3825200
VHM,2022-04-14,1649894400,71.218,71.412,69.955,70.246,3679100
VHM,2022-04-15,1649980800,70.246,70.343,68.692,69.08,4040800
VHM,2022-04-18,1650240000,68.109,68.789,66.165,67.817,5668700
VHM,2022-04-19,1650326400,67.234,68.497,66.457,66.943,2732200
VHM,2022-04-20,1650412800,66.554,66.651,63.834,64.902,5981000
VHM,2022-04-21,1650499200,64.611,65.097,62.182,62.182,6536700
VHM,2022-04-22,1650585600,62.862,63.931,62.085,62.862,6187200
VHM,2022-04-25,1650844800,63.154,63.251,58.49,61.21,6857400
VHM,2022-04-26,1650931200,59.559,63.154,57.518,63.154,6323900
VHM,2022-04-27,1651017600,62.473,63.154,60.919,63.154,4773300
VHM,2022-04-28,1651104000,63.056,63.056,60.822,62.668,6290400
VHM,2022-04-29,1651190400,61.307,63.154,61.21,63.154,6819600
VHM,2022-05-04,1651622400,63.154,63.348,61.696,62.668,2511700
VHM,2022-05-05,1651708800,62.765,66.846,62.571,66.846,7518400
VHM,2022-05-06,1651795200,65.097,66.846,64.805,66.748,5560700
VHM,2022-05-09,1652054400,65.971,66.554,64.514,66.068,5658400
VHM,2022-05-10,1652140800,65.0,67.914,63.154,67.914,4352700
VHM,2022-05-11,1652227200,67.04,69.177,66.651,68.497,3072800
VHM,2022-05-12,1652313600,67.234,67.914,65.097,66.943,4117300
VHM,2022-05-13,1652400000,66.943,66.943,62.668,66.068,6924300
VHM,2022-05-16,1652659200,66.068,66.165,62.668,63.931,5296400
VHM,2022-05-17,1652745600,63.348,65.0,61.502,65.0,4830700
VHM,2022-05-18,1652832000,65.0,65.0,63.445,65.0,4266300
VHM,2022-05-19,1652918400,63.154,65.777,63.154,65.097,3316000
VHM,2022-05-20,1653004800,65.194,65.485,64.125,64.902,2305800
VHM,2022-05-23,1653264000,64.805,65.485,63.445,64.805,2901300
VHM,2022-05-24,1653350400,63.931,65.0,63.834,65.0,2242000
VHM,2022-05-25,1653436800,64.902,65.971,64.417,65.971,3077100
VHM,2022-05-26,1653523200,65.971,67.623,65.971,66.748,3048600
VHM,2022-05-27,1653609600,67.04,67.72,66.554,67.72,2451900
VHM,2022-05-30,1653868800,68.012,68.497,66.846,68.497,2593900
VHM,2022-05-31,1653955200,68.7,69.9,68.5,69.6,3692900
VHM,2022-06-01,1654041600,69.6,70.3,69.0,70.3,3704600
VHM,2022-06-02,1654128000,70.1,70.1,68.6,69.5,3115700
VHM,2022-06-03,1654214400,68.6,69.4,68.0,69.4,2752600
VHM,2022-06-06,1654473600,69.4,69.5,68.2,69.3,3331600
VHM,2022-06-07,1654560000,69.0,69.0,67.8,68.5,3568900
VHM,2022-06-08,1654646400,68.5,69.2,68.0,68.5,2085300
VHM,2022-06-09,1654732800,68.7,68.7,67.5,68.3,3544100
VHM,2022-06-10,1654819200,67.2,68.3,67.2,68.3,2452200
VHM,2022-06-13,1655078400,66.5,67.0,65.2,66.0,3373800
VHM,2022-06-14,1655164800,65.6,66.0,64.7,66.0,3015300
VHM,2022-06-15,1655251200,66.0,66.3,64.7,65.9,3508000
VHM,2022-06-16,1655337600,65.9,66.7,65.6,66.0,2437800
VHM,2022-06-17,1655424000,64.8,66.0,63.8,66.0,3106900
VHM,2022-06-20,1655683200,65.9,66.0,64.7,65.0,2701700
VHM,2022-06-21,1655769600,64.7,65.0,63.8,65.0,2365100
VHM,2022-06-22,1655856000,64.5,65.0,63.5,64.8,3460900
VHM,2022-06-23,1655942400,63.9,64.2,63.0,63.2,5534200
VHM,2022-06-24,1656028800,63.3,63.8,63.1,63.2,2256500
VHM,2022-06-27,1656288000,63.2,64.9,63.2,63.5,2666100
VHM,2022-06-28,1656374400,63.5,64.1,63.5,63.8,1455900
VHM,2022-06-29,1656460800,63.6,64.0,63.1,63.3,1571700
VHM,2022-06-30,1656547200,63.3,63.8,62.1,62.1,2480200
VHM,2022-07-01,1656633600,62.2,63.5,61.4,61.4,2974000
VHM,2022-07-04,1656892800,62.0,62.0,61.0,61.0,2256200
VHM,2022-07-05,1656979200,61.1,61.5,60.4,60.5,3133800
VHM,2022-07-06,1657065600,60.2,60.5,58.4,59.1,6722800
VHM,2022-07-07,1657152000,59.0,61.0,58.3,61.0,2098800
VHM,2022-07-08,1657238400,61.3,61.3,59.5,61.0,1793900
VHM,2022-07-11,1657497600,59.1,60.5,58.4,60.5,4883200
VHM,2022-07-12,1657584000,59.5,60.5,59.1,60.2,3602700
VHM,2022-07-13,1657670400,60.0,60.5,59.0,60.1,2334600
VHM,2022-07-14,1657756800,60.1,60.3,59.2,60.1,1906300
VHM,2022-07-15,1657843200,59.5,60.2,59.4,60.0,2301900
VHM,2022-07-18,1658102400,60.0,60.0,59.0,59.0,2023400
VHM,2022-07-19,1658188800,58.6,59.1,58.6,58.8,1864800
VHM,2022-07-20,1658275200,59.0,59.7,58.5,59.7,1910000
VHM,2022-07-21,1658361600,59.6,59.7,58.9,58.9,2070700
VHM,2022-07-22,1658448000,58.9,59.0,58.5,58.7,1530500
VHM,2022-07-25,1658707200,58.5,59.1,58.5,58.9,1229500
VHM,2022-07-26,1658793600,59.0,59.3,58.5,58.7,737100
VHM,2022-07-27,1658880000,58.5,58.8,58.5,58.6,502800
VHM,2022-07-28,1658966400,59.0,59.1,58.5,58.8,1914300
VHM,2022-07-29,1659052800,58.9,60.5,58.8,59.9,3235500
VHM,2022-08-01,1659312000,59.8,60.0,59.0,60.0,1703800
VHM,2022-08-02,1659398400,59.8,62.8,59.4,62.5,4320200
VHM,2022-08-03,1659484800,62.0,62.7,61.4,61.9,2005800
VHM,2022-08-04,1659571200,62.0,63.1,62.0,63.0,5218900
VHM,2022-08-05,1659657600,62.7,62.7,61.6,61.8,2290400
VHM,2022-08-08,1659916800,61.5,61.9,61.5,61.5,2233600
VHM,2022-08-09,1660003200,61.7,61.9,60.9,60.9,2234700
VHM,2022-08-10,1660089600,61.0,62.3,60.8,61.3,1594600
VHM,2022-08-11,1660176000,61.9,61.9,61.0,61.4,2236700
VHM,2022-08-12,1660262400,61.4,61.5,61.1,61.2,1423400
VHM,2022-08-15,1660521600,61.5,62.3,61.3,61.5,2189500
VHM,2022-08-16,1660608000,61.5,61.8,61.1,61.3,1107300
VHM,2022-08-17,1660694400,61.5,61.8,61.3,61.3,2505800
VHM,2022-08-18,1660780800,61.3,61.8,61.1,61.1,3350200
VHM,2022-08-19,1660867200,61.0,61.1,59.5,60.1,2780700
VHM,2022-08-22,1661126400,59.9,60.4,59.1,59.4,2116900
VHM,2022-08-23,1661212800,59.2,59.7,59.1,59.5,1353300
VHM,2022-08-24,1661299200,59.6,59.8,59.3,59.7,1049900
VHM,2022-08-25,1661385600,59.9,61.2,59.8,61.0,2025800
VHM,2022-08-26,1661472000,61.0,61.4,60.2,60.3,851200
VHM,2022-08-29,1661731200,59.6,59.8,58.9,59.7,2035600
VHM,2022-08-30,1661817600,59.7,60.4,59.5,59.9,1770500
VHM,2022-08-31,1661904000,59.9,61.4,59.7,61.0,2837300
VHM,2022-09-05,1662336000,61.2,61.8,61.0,61.0,1529500
VHM,2022-09-06,1662422400,61.2,61.5,61.0,61.1,1285200
VHM,2022-09-07,1662508800,61.0,61.1,59.5,59.5,1847100
VHM,2022-09-08,1662595200,59.6,59.8,59.3,59.6,1642000
VHM,2022-09-09,1662681600,59.8,60.2,59.5,59.9,1443100
VHM,2022-09-12,1662940800,60.1,61.8,60.1,61.4,3894313
VHM,2022-09-13,1663027200,61.5,61.5,60.7,60.7,2252100
VHM,2022-09-14,1663113600,59.8,60.3,59.7,60.0,1784500
VHM,2022-09-15,1663200000,60.0,60.5,59.8,60.5,1910900
VHM,2022-09-16,1663286400,60.0,61.1,59.6,59.6,2368800
VHM,2022-09-19,1663545600,59.6,59.8,58.4,58.4,1944900
VHM,2022-09-20,1663632000,58.6,59.3,58.6,58.9,1539400
VHM,2022-09-21,1663718400,58.9,58.9,58.0,58.3,1732700
VHM,2022-09-22,1663804800,57.8,58.0,56.6,57.7,2370700
VHM,2022-09-23,1663891200,57.5,57.7,57.0,57.2,630900
VHM,2022-09-26,1664150400,56.5,57.0,55.2,55.9,2734600
VHM,2022-09-27,1664236800,55.9,55.9,54.1,54.1,1239500
VHM,2022-09-28,1664323200,53.6,54.0,51.0,51.2,2627228
VHM,2022-09-29,1664409600,52.1,52.5,50.7,50.8,1969335
VHM,2022-09-30,1664496000,50.0,52.0,48.0,50.7,4402203
VHM,2022-10-03,1664755200,50.7,50.8,47.2,50.4,4218493
VHM,2022-10-04,1664841600,50.7,50.7,48.3,50.6,2983051
VHM,2022-10-05,1664928000,51.0,53.8,50.9,53.8,3929858
VHM,2022-10-06,1665014400,53.6,54.1,52.7,53.6,2716965
VHM,2022-10-07,1665100800,53.6,53.8,50.7,53.8,4056838
VHM,2022-10-10,1665360000,53.0,53.9,51.8,53.9,2164908
VHM,2022-10-11,1665446400,52.6,52.6,50.8,51.8,4082550
VHM,2022-10-12,1665532800,51.8,52.9,50.5,52.5,2060482
VHM,2022-10-13,1665619200,52.5,52.8,51.0,52.8,2130221
VHM,2022-10-14,1665705600,53.0,53.1,51.3,51.9,1698359
VHM,2022-10-17,1665964800,51.5,51.5,49.5,49.5,2935809
VHM,2022-10-18,1666051200,50.0,50.5,48.35,50.5,2554624
VHM,2022-10-19,1666137600,50.4,50.5,49.05,50.0,1241367
VHM,2022-10-20,1666224000,49.5,50.0,48.9,50.0,2748638
VHM,2022-10-21,1666310400,49.95,49.95,46.5,47.95,5386579
VHM,2022-10-24,1666569600,47.95,47.95,44.6,44.6,1836664
VHM,2022-10-25,1666656000,44.6,44.7,41.5,44.6,6295967
VHM,2022-10-26,1666742400,44.6,44.6,41.75,43.5,3701482
VHM,2022-10-27,1666828800,43.4,44.6,42.9,44.0,4870728
VHM,2022-10-28,1666915200,44.5,46.3,44.1,44.9,3078648
VHM,2022-10-31,1667174400,45.5,46.8,44.1,45.0,2525558
VHM,2022-11-01,1667260800,45.8,46.2,45.0,45.0,2623977
VHM,2022-11-02,1667347200,45.0,45.5,44.7,44.9,2263929
VHM,2022-11-03,1667433600,44.55,45.35,44.35,45.0,2100624
VHM,2022-11-04,1667520000,44.8,44.8,42.5,44.5,4339322
VHM,2022-11-07,1667779200,44.0,44.0,42.2,43.9,3021916
VHM,2022-11-08,1667865600,43.1,43.8,41.25,43.8,5522882
VHM,2022-11-09,1667952000,43.8,45.0,43.8,44.55,4934117
VHM,2022-11-10,1668038400,44.1,44.1,42.3,43.95,4021513
VHM,2022-11-11,1668124800,43.95,44.55,43.75,44.15,4085772
VHM,2022-11-14,1668384000,43.8,44.9,42.35,44.0,2667054
VHM,2022-11-15,1668470400,42.55,43.85,42.45,43.4,3095782
VHM,2022-11-16,1668556800,43.0,45.0,41.5,44.9,3373810
VHM,2022-11-17,1668643200,45.0,47.95,44.95,47.95,4306163
VHM,2022-11-18,1668729600,47.95,48.8,46.6,48.0,3643335
VHM,2022-11-21,1668988800,48.0,48.0,45.75,46.95,2713823
VHM,2022-11-22,1669075200,45.8,48.5,45.3,45.3,1852773
VHM,2022-11-23,1669161600,45.0,46.0,44.3,44.4,1111791
VHM,2022-11-24,1669248000,44.35,45.5,44.2,45.0,1183210
VHM,2022-11-25,1669334400,46.0,47.05,45.8,47.0,3345838
VHM,2022-11-28,1669593600,47.5,50.2,47.4,50.2,7817911
VHM,2022-11-29,1669680000,51.6,53.1,50.4,53.1,7435937
VHM,2022-11-30,1669766400,53.6,54.5,52.0,54.5,6193644
VHM,2022-12-01,1669852800,55.1,56.2,53.5,53.5,5871585
VHM,2022-12-02,1669939200,53.5,57.2,53.0,57.2,6367474
VHM,2022-12-05,1670198400,57.5,58.3,56.8,58.3,4599790
VHM,2022-12-06,1670284800,58.3,58.3,54.3,55.0,4263199
VHM,2022-12-07,1670371200,54.2,56.7,54.2,55.5,3602625
VHM,2022-12-08,1670457600,57.0,57.0,54.5,55.4,4143026
VHM,2022-12-09,1670544000,55.4,55.6,53.7,54.1,3330015
VHM,2022-12-12,1670803200,54.2,54.2,50.5,50.5,3869361
VHM,2022-12-13,1670889600,50.5,53.0,49.95,53.0,4251809
VHM,2022-12-14,1670976000,53.7,53.7,51.4,53.0,3219803
VHM,2022-12-15,1671062400,53.0,53.1,50.7,50.7,2950218
VHM,2022-12-16,1671148800,50.3,51.2,49.3,49.3,3492812
VHM,2022-12-19,1671408000,49.4,50.2,48.2,48.2,2141199
VHM,2022-12-20,1671494400,48.2,48.6,46.3,48.2,3291761
VHM,2022-12-21,1671580800,48.8,48.8,46.6,48.5,1881921
VHM,2022-12-22,1671667200,48.55,49.65,48.55,49.0,2171641
VHM,2022-12-23,1671753600,49.4,50.0,48.2,49.8,1348672
VHM,2022-12-26,1672012800,49.5,49.6,47.0,47.0,2140469
VHM,2022-12-27,1672099200,46.3,50.2,45.15,47.5,2873658
VHM,2022-12-28,1672185600,47.7,48.5,46.5,47.7,1486338
VHM,2022-12-29,1672272000,47.6,48.5,47.4,47.8,1259021
VHM,2022-12-30,1672358400,49.0,49.0,47.55,48.0,1198282
VHM,2023-01-03,1672704000,48.0,49.4,47.0,49.4,1623481
VHM,2023-01-04,1672790400,49.9,49.9,49.0,49.0,1176949
VHM,2023-01-05,1672876800,49.0,50.0,49.0,49.7,1952371
VHM,2023-01-06,1672963200,49.75,50.3,49.5,49.9,1172495
VHM,2023-01-09,1673222400,50.2,50.5,49.7,50.2,1197058
VHM,2023-01-10,1673308800,50.1,50.4,49.75,49.75,895178
VHM,2023-01-11,1673395200,50.3,50.9,49.8,50.8,1187504
VHM,2023-01-12,1673481600,51.1,51.7,51.0,51.5,1239502
VHM,2023-01-13,1673568000,51.7,52.0,51.1,52.0,1047651
VHM,2023-01-16,1673827200,52.0,52.3,51.3,51.3,1119444
VHM,2023-01-17,1673913600,51.3,52.0,49.55,52.0,1455562
VHM,2023-01-18,1674000000,52.0,52.9,50.9,52.5,1265675
VHM,2023-01-19,1674086400,52.4,53.4,51.5,52.2,2236566
VHM,2023-01-27,1674777600,52.4,53.9,51.9,53.3,1283501
VHM,2023-01-30,1675036800,53.3,53.5,51.5,51.5,1350577
VHM,2023-01-31,1675123200,51.5,51.8,50.4,50.9,1313510
VHM,2023-02-01,1675209600,50.7,50.9,48.0,48.0,3650456
VHM,2023-02-02,1675296000,48.5,49.2,47.7,47.9,2157146
VHM,2023-02-03,1675382400,48.0,48.5,47.5,48.1,1247077
VHM,2023-02-06,1675641600,47.9,48.0,47.1,47.95,1693915
VHM,2023-02-07,1675728000,48.0,48.0,46.05,46.8,2543605
VHM,2023-02-08,1675814400,46.7,46.7,44.45,46.6,4746980
VHM,2023-02-09,1675900800,45.65,46.7,45.3,45.3,3121751
VHM,2023-02-10,1675987200,45.0,45.75,45.0,45.4,1602986
VHM,2023-02-13,1676246400,44.8,45.0,43.4,44.4,2468865
VHM,2023-02-14,1676332800,44.0,44.2,42.2,42.75,3876595
VHM,2023-02-15,1676419200,42.7,42.7,41.6,42.5,4289204
VHM,2023-02-16,1676505600,42.75,42.75,42.0,42.5,2366897
VHM,2023-02-17,1676592000,42.7,43.6,42.5,43.3,2065454
VHM,2023-02-20,1676851200,43.5,46.3,43.4,45.2,4178775
VHM,2023-02-21,1676937600,45.5,46.15,45.1,45.2,1572736
VHM,2023-02-22,1677024000,44.6,44.8,42.6,42.6,3713301
VHM,2023-02-23,1677110400,42.6,42.85,40.6,42.0,4590701
VHM,2023-02-24,1677196800,41.7,42.0,40.9,41.0,3014465
VHM,2023-02-27,1677456000,40.0,40.9,39.4,40.9,5327743
VHM,2023-02-28,1677542400,41.0,41.95,40.4,41.5,1632907
VHM,2023-03-01,1677628800,41.05,41.3,39.8,41.2,3325817
VHM,2023-03-02,1677715200,41.0,41.5,40.45,41.1,1948238
VHM,2023-03-03,1677801600,41.0,41.2,40.55,40.95,1387815
VHM,2023-03-06,1678060800,41.75,43.2,41.5,42.1,2997427
VHM,2023-03-07,1678147200,42.7,43.0,42.1,42.3,1671441
VHM,2023-03-08,1678233600,41.3,42.35,41.3,42.35,1953366
VHM,2023-03-09,1678320000,42.35,43.0,42.25,42.4,1781213
VHM,2023-03-10,1678406400,42.4,43.0,42.0,42.85,2537729
VHM,2023-03-13,1678665600,42.8,44.8,42.75,44.75,3227482
VHM,2023-03-14,1678752000,44.2,45.35,44.1,44.75,2839940
VHM,2023-03-15,1678838400,45.25,46.6,44.95,46.0,2071419
VHM,2023-03-16,1678924800,45.8,45.8,44.25,44.5,2039641
VHM,2023-03-17,1679011200,44.6,45.2,43.35,43.35,4943231
VHM,2023-03-20,1679270400,44.1,44.1,42.55,42.55,2168118
VHM,2023-03-21,1679356800,43.0,45.5,43.0,45.4,2539644
VHM,2023-03-22,1679443200,45.6,48.0,45.6,47.65,4397098
VHM,2023-03-23,1679529600,47.4,48.0,46.85,48.0,2272451
VHM,2023-03-24,1679616000,48.0,49.85,48.0,49.0,2611824
VHM,2023-03-27,1679875200,49.0,49.5,48.4,48.4,1870024
VHM,2023-03-28,1679961600,48.45,49.5,47.0,48.0,2551706
VHM,2023-03-29,1680048000,48.05,48.05,47.1,48.0,1251914
VHM,2023-03-30,1680134400,48.8,49.95,48.1,49.55,1677329
VHM,2023-03-31,1680220800,49.6,51.5,49.6,51.5,2720974
VHM,2023-04-03,1680480000,52.2,53.7,52.0,52.6,2844182
VHM,2023-04-04,1680566400,53.0,53.0,51.0,51.0,1517376
VHM,2023-04-05,1680652800,51.0,52.3,50.6,52.2,2190062
VHM,2023-04-06,1680739200,52.0,52.2,51.2,51.2,1035460
VHM,2023-04-07,1680825600,51.2,51.5,50.3,50.7,780361
VHM,2023-04-10,1681084800,51.4,51.5,49.8,49.8,1326919
VHM,2023-04-11,1681171200,49.3,51.7,49.3,51.5,2079069
VHM,2023-04-12,1681257600,51.9,52.1,51.0,51.6,2032455
VHM,2023-04-13,1681344000,51.6,51.7,50.3,50.5,1341067
VHM,2023-04-14,1681430400,50.7,51.5,49.7,50.0,1319272
VHM,2023-04-17,1681689600,50.1,50.9,50.0,50.3,1028891
VHM,2023-04-18,1681776000,50.9,51.3,50.5,50.8,1762327
VHM,2023-04-19,1681862400,50.8,51.2,50.0,50.4,973760
VHM,2023-04-20,1681948800,50.5,50.7,49.85,50.7,484388
VHM,2023-04-21,1682035200,50.5,50.7,49.9,50.3,735067
VHM,2023-04-24,1682294400,50.8,52.0,50.2,50.5,1345611
VHM,2023-04-25,1682380800,51.2,51.2,49.85,50.2,2139465
VHM,2023-04-26,1682467200,49.9,49.9,48.0,48.0,2278292
VHM,2023-04-27,1682553600,48.0,48.7,46.85,47.5,2649198
VHM,2023-04-28,1682640000,47.7,49.5,47.4,49.5,1145595
VHM,2023-05-04,1683158400,49.5,49.5,48.2,49.5,1315091
VHM,2023-05-05,1683244800,49.15,49.5,48.6,49.0,793785
VHM,2023-05-08,1683504000,48.85,49.55,48.6,49.4,1058198
VHM,2023-05-09,1683590400,49.05,49.5,48.75,49.3,1270731
VHM,2023-05-10,1683676800,49.3,49.4,48.9,49.35,519466
VHM,2023-05-11,1683763200,49.5,49.5,48.95,49.15,524722
VHM,2023-05-12,1683849600,49.1,51.2,48.9,51.2,1440468
VHM,2023-05-15,1684108800,52.0,52.5,51.5,51.7,1701326
VHM,2023-05-16,1684195200,51.7,52.2,51.5,52.2,1496658
VHM,2023-05-17,1684281600,52.2,53.9,52.2,53.4,3109800
VHM,2023-05-18,1684368000,53.9,55.8,53.5,55.0,3532540
VHM,2023-05-19,1684454400,55.5,55.5,53.5,54.1,1845772
VHM,2023-05-22,1684713600,55.0,55.0,53.5,54.1,1651073
VHM,2023-05-23,1684800000,54.5,54.5,53.0,53.7,1158121
VHM,2023-05-24,1684886400,53.7,54.5,53.3,54.5,849451
VHM,2023-05-25,1684972800,54.7,55.6,54.0,55.0,1608735
VHM,2023-05-26,1685059200,55.0,56.4,54.6,55.0,1792634
VHM,2023-05-29,1685318400,55.0,56.3,55.0,55.5,1607032
VHM,2023-05-30,1685404800,56.0,56.0,54.6,54.9,1390918
VHM,2023-05-31,1685491200,55.0,55.0,53.5,53.5,1538935
VHM,2023-06-01,1685577600,53.5,54.0,53.0,53.0,914726
VHM,2023-06-02,1685664000,53.5,53.9,53.0,53.4,1357706
VHM,2023-06-05,1685923200,54.0,55.1,53.3,53.7,1432068
VHM,2023-06-06,1686009600,54.4,55.0,53.9,55.0,1362251
VHM,2023-06-07,1686096000,55.3,55.7,54.5,55.3,1858448
VHM,2023-06-08,1686182400,55.3,56.0,55.1,55.4,2326546
VHM,2023-06-09,1686268800,55.0,55.8,54.8,55.5,1051610
VHM,2023-06-12,1686528000,55.5,55.5,54.4,55.4,1151452
VHM,2023-06-13,1686614400,55.2,56.7,55.1,56.7,2372546
VHM,2023-06-14,1686700800,56.8,58.2,56.7,57.0,2457231
VHM,2023-06-15,1686787200,57.0,57.9,55.8,56.5,2453912
VHM,2023-06-16,1686873600,56.4,56.9,55.0,56.0,2452897
VHM,2023-06-19,1687132800,56.1,56.1,54.8,55.0,1529209
VHM,2023-06-20,1687219200,55.0,55.7,54.5,55.1,985087
VHM,2023-06-21,1687305600,55.0,55.3,54.3,54.6,2368585
VHM,2023-06-22,1687392000,55.0,55.7,54.7,55.7,1916156
VHM,2023-06-23,1687478400,55.2,56.0,55.1,56.0,2160849
VHM,2023-06-26,1687737600,55.6,55.8,54.8,55.5,1422939
VHM,2023-06-27,1687824000,55.5,55.9,55.4,55.9,992807
VHM,2023-06-28,1687910400,56.1,56.2,55.0,55.4,1389913
VHM,2023-06-29,1687996800,55.4,55.4,54.9,55.0,1248508
VHM,2023-06-30,1688083200,54.8,55.5,54.3,55.0,1459026
VHM,2023-07-03,1688342400,55.0,55.9,55.0,55.9,1044044
VHM,2023-07-04,1688428800,55.9,56.8,55.5,56.5,1451951
VHM,2023-07-05,1688515200,56.5,56.5,55.3,56.1,1623867
VHM,2023-07-06,1688601600,55.3,55.9,54.5,54.5,1406446
VHM,2023-07-07,1688688000,54.5,54.9,54.0,54.0,1221564
VHM,2023-07-10,1688947200,54.1,54.4,53.6,53.8,2151264
VHM,2023-07-11,1689033600,53.6,53.9,53.6,53.9,2616883
VHM,2023-07-12,1689120000,53.9,55.3,53.9,55.1,2186477
VHM,2023-07-13,1689206400,55.4,56.3,55.3,56.3,3011297
VHM,2023-07-14,1689292800,56.5,56.6,55.8,56.4,2055399
VHM,2023-07-17,1689552000,56.7,59.0,56.5,59.0,4271231
VHM,2023-07-18,1689638400,58.5,59.4,58.0,58.8,2910287
VHM,2023-07-19,1689724800,58.8,59.0,58.2,58.5,2217079
VHM,2023-07-20,1689811200,58.5,58.5,57.3,57.7,3589677
VHM,2023-07-21,1689897600,57.5,59.0,57.3,59.0,3604709
VHM,2023-07-24,1690156800,59.5,59.5,58.1,59.1,2050092
VHM,2023-07-25,1690243200,58.8,59.2,58.2,58.6,3621300
VHM,2023-07-26,1690329600,58.3,59.0,58.3,59.0,3075978
VHM,2023-07-27,1690416000,59.0,59.1,57.5,57.5,2724936
VHM,2023-07-28,1690502400,57.7,58.9,57.4,58.9,2868904
VHM,2023-07-31,1690761600,62.2,63.0,61.0,63.0,5509846
VHM,2023-08-01,1690848000,63.9,66.2,62.8,62.8,6557499
VHM,2023-08-02,1690934400,62.6,62.9,61.9,61.9,3440866
VHM,2023-08-03,1691020800,62.0,62.2,60.1,60.1,2946152
VHM,2023-08-04,1691107200,60.9,63.8,60.6,63.0,4717439
VHM,2023-08-07,1691366400,63.7,63.7,61.6,62.9,3397528
VHM,2023-08-08,1691452800,62.9,63.8,62.5,62.8,5301852
VHM,2023-08-09,1691539200,62.3,62.7,60.6,60.6,5593597
VHM,2023-08-10,1691625600,60.7,61.6,60.6,60.6,4744392
VHM,2023-08-11,1691712000,62.3,62.5,59.8,60.9,4794595
VHM,2023-08-14,1691971200,60.9,61.8,60.8,61.2,6217819
VHM,2023-08-15,1692057600,61.2,62.5,60.9,61.7,5688841
VHM,2023-08-16,1692144000,63.0,64.1,62.3,62.9,6369300
VHM,2023-08-17,1692230400,62.1,62.6,61.0,61.0,5438846
VHM,2023-08-18,1692316800,60.8,60.8,56.8,56.8,9565690
VHM,2023-08-21,1692576000,56.8,57.2,55.7,56.0,5230959
VHM,2023-08-22,1692662400,56.8,56.8,54.5,55.5,4568751
VHM,2023-08-23,1692748800,56.9,56.9,54.4,54.5,6685847
VHM,2023-08-24,1692835200,54.9,56.1,54.4,55.4,4649385
VHM,2023-08-25,1692921600,55.5,55.5,54.0,54.1,5130705
VHM,2023-08-28,1693180800,54.5,55.3,54.2,54.7,5224819
VHM,2023-08-29,1693267200,55.0,55.8,54.4,54.6,5306966
VHM,2023-08-30,1693353600,54.6,55.1,54.1,54.6,5035121
VHM,2023-08-31,1693440000,54.8,55.9,54.7,54.7,6422343
VHM,2023-09-05,1693872000,55.2,55.5,54.4,55.3,9062554
VHM,2023-09-06,1693958400,55.5,57.0,55.4,55.9,9774066
VHM,2023-09-07,1694044800,56.5,56.6,54.9,55.1,8728031
VHM,2023-09-08,1694131200,55.0,55.5,54.0,54.0,10432402
VHM,2023-09-11,1694390400,54.6,54.9,52.5,52.5,8479090
VHM,2023-09-12,1694476800,52.8,53.5,52.0,53.5,7420299
VHM,2023-09-13,1694563200,53.8,53.8,52.1,52.1,11955777
VHM,2023-09-14,1694649600,52.1,52.3,49.0,49.0,11648373
VHM,2023-09-15,1694736000,49.6,50.5,49.4,50.5,10518377
VHM,2023-09-18,1694995200,50.1,50.5,48.7,48.95,5104752
VHM,2023-09-19,1695081600,50.0,50.7,49.0,49.35,7529612
VHM,2023-09-20,1695168000,49.7,50.9,49.5,50.7,4518502
VHM,2023-09-21,1695254400,51.0,51.4,50.0,50.2,5191710
VHM,2023-09-22,1695340800,49.4,49.45,47.85,48.0,7969290
VHM,2023-09-25,1695600000,48.0,48.75,46.0,47.0,5323349
VHM,2023-09-26,1695686400,47.0,47.8,45.0,45.0,4075692
VHM,2023-09-27,1695772800,45.0,45.8,43.85,45.1,6505390
VHM,2023-09-28,1695859200,45.1,45.5,44.05,44.5,3417765
VHM,2023-09-29,1695945600,45.0,47.5,45.0,45.5,7293367
VHM,2023-10-02,1696204800,45.6,46.2,45.2,45.75,1821862
VHM,2023-10-03,1696291200,45.0,45.25,44.05,44.05,4664564
VHM,2023-10-04,1696377600,43.25,45.4,43.25,44.6,3471699
VHM,2023-10-05,1696464000,44.7,45.25,44.25,44.55,2703836
VHM,2023-10-06,1696550400,44.85,46.15,44.55,46.05,3433897
VHM,2023-10-09,1696809600,46.1,47.5,46.05,47.0,3863534
VHM,2023-10-10,1696896000,47.15,48.0,46.9,48.0,4836369
VHM,2023-10-11,1696982400,47.7,47.8,46.85,47.4,2921253
VHM,2023-10-12,1697068800,47.6,48.0,47.35,47.55,2452101
VHM,2023-10-13,1697155200,47.05,47.2,46.5,46.9,2578666
VHM,2023-10-16,1697414400,46.9,47.0,45.55,45.55,3273425
VHM,2023-10-17,1697500800,45.6,45.9,44.5,44.5,2399979
VHM,2023-10-18,1697587200,44.6,45.8,43.0,43.3,3859391
VHM,2023-10-19,1697673600,43.45,43.45,42.5,42.5,3735375
VHM,2023-10-20,1697760000,42.5,44.8,41.7,44.5,3193094
VHM,2023-10-23,1698019200,44.5,45.3,44.0,44.5,5687602
VHM,2023-10-24,1698105600,44.9,45.0,44.0,44.6,3183595
VHM,2023-10-25,1698192000,45.4,45.95,44.75,44.9,3922188
VHM,2023-10-26,1698278400,41.8,41.8,41.8,41.8,6095334
VHM,2023-10-27,1698364800,40.0,41.5,38.9,39.2,18181723
VHM,2023-10-30,1698624000,39.0,40.0,37.75,39.2,6761955
VHM,2023-10-31,1698710400,39.2,39.7,38.0,39.0,7715327
VHM,2023-11-01,1698796800,38.9,39.0,36.75,38.45,9755394
VHM,2023-11-02,1698883200,38.45,40.0,37.7,39.95,9142426
VHM,2023-11-03,1698969600,40.45,40.55,39.95,40.5,8272050
VHM,2023-11-06,1699228800,40.65,41.4,40.6,41.0,6340678
VHM,2023-11-07,1699315200,40.9,40.95,40.0,40.0,4442757
VHM,2023-11-08,1699401600,39.95,41.5,39.2,41.0,7706839
VHM,2023-11-09,1699488000,41.6,43.05,41.45,42.9,15464209
VHM,2023-11-10,1699574400,42.5,43.2,42.3,42.3,6523529
VHM,2023-11-13,1699833600,42.6,42.6,41.3,41.35,7228578
VHM,2023-11-14,1699920000,41.85,41.9,40.75,41.0,7501090
VHM,2023-11-15,1700006400,41.8,42.6,41.35,41.45,8589063
VHM,2023-11-16,1700092800,41.4,41.65,40.8,41.15,5397728
VHM,2023-11-17,1700179200,41.3,41.75,38.5,38.95,16324251
VHM,2023-11-20,1700438400,38.5,39.5,38.3,38.95,4901359
VHM,2023-11-21,1700524800,39.75,39.75,38.9,39.1,4792655
VHM,2023-11-22,1700611200,39.4,39.6,38.85,39.0,4809620
VHM,2023-11-23,1700697600,39.35,39.95,39.0,39.0,7663115
VHM,2023-11-24,1700784000,39.0,39.2,38.05,39.1,7389904
VHM,2023-11-27,1701043200,39.1,40.0,39.1,39.8,5712838
VHM,2023-11-28,1701129600,39.8,40.75,39.65,40.75,7388061
VHM,2023-11-29,1701216000,41.05,41.3,40.75,41.2,4211815
VHM,2023-11-30,1701302400,41.2,41.35,40.6,41.3,7744515
VHM,2023-12-01,1701388800,41.3,41.4,40.4,40.9,6973448
VHM,2023-12-04,1701648000,40.95,41.5,40.85,41.3,8140658
VHM,2023-12-05,1701734400,41.5,41.5,40.5,40.5,8303176
VHM,2023-12-06,1701820800,40.5,40.55,39.65,40.45,10852422
VHM,2023-12-07,1701907200,40.45,40.55,39.4,39.7,11346794
VHM,2023-12-08,1701993600,39.7,40.1,39.45,39.65,9893700
VHM,2023-12-11,1702252800,40.15,41.3,40.1,41.0,8702563
VHM,2023-12-12,1702339200,41.0,41.3,40.75,41.05,6171848
VHM,2023-12-13,1702425600,41.2,41.65,40.65,40.75,9943249
VHM,2023-12-14,1702512000,41.1,41.25,40.25,40.3,4706774
VHM,2023-12-15,1702598400,40.45,40.55,39.85,39.9,6801507
VHM,2023-12-18,1702857600,40.2,40.2,39.85,39.9,3564888
VHM,2023-12-19,1702944000,39.9,39.95,39.3,39.5,5229860
VHM,2023-12-20,1703030400,39.85,39.95,39.5,39.95,2358415
VHM,2023-12-21,1703116800,39.7,40.45,39.65,40.2,3558160
VHM,2023-12-22,1703203200,40.2,40.4,40.0,40.3,3290547
VHM,2023-12-25,1703462400,40.3,41.25,40.3,41.2,5960459
VHM,2023-12-26,1703548800,41.5,42.2,41.3,41.9,10397855
VHM,2023-12-27,1703635200,42.0,42.15,41.85,41.9,6037479
VHM,2023-12-28,1703721600,42.1,43.8,42.05,43.7,13136725
VHM,2023-12-29,1703808000,44.05,44.1,43.2,43.2,5327943
VHM,2024-01-02,1704153600,43.3,43.75,42.55,43.0,7591730
VHM,2024-01-03,1704240000,42.6,43.4,42.55,43.4,6114634
VHM,2024-01-04,1704326400,43.55,43.7,43.25,43.45,8780655
VHM,2024-01-05,1704412800,43.45,43.55,43.05,43.1,4510634
VHM,2024-01-08,1704672000,43.2,43.85,42.9,43.35,6216748
VHM,2024-01-09,1704758400,43.15,43.3,42.65,43.0,6379398
VHM,2024-01-10,1704844800,43.0,43.0,42.1,42.7,6792763
VHM,2024-01-11,1704931200,42.5,43.05,42.0,42.0,6971310
VHM,2024-01-12,1705017600,41.8,41.9,40.9,41.3,8330552
VHM,2024-01-15,1705276800,41.8,41.85,41.4,41.6,3151249
VHM,2024-01-16,1705363200,41.6,42.65,41.45,42.65,3776742
VHM,2024-01-17,1705449600,42.65,42.85,41.9,41.9,6345684
VHM,2024-01-18,1705536000,42.25,43.5,42.05,43.2,8941804
VHM,2024-01-19,1705622400,43.35,43.6,43.0,43.05,5533944
VHM,2024-01-22,1705881600,43.35,43.45,42.8,43.0,4711104
VHM,2024-01-23,1705968000,43.05,43.2,42.3,42.35,5258263
VHM,2024-01-24,1706054400,42.35,42.95,42.3,42.5,2743314
VHM,2024-01-25,1706140800,42.5,42.5,42.05,42.1,2297052
VHM,2024-01-26,1706227200,42.2,42.5,42.0,42.0,4353577
VHM,2024-01-29,1706486400,42.3,42.3,41.8,41.8,3168351
VHM,2024-01-30,1706572800,41.8,42.3,41.7,42.0,2910566
VHM,2024-01-31,1706659200,42.05,42.25,41.5,41.5,6310175
VHM,2024-02-01,1706745600,41.35,41.5,41.1,41.2,7109228
VHM,2024-02-02,1706832000,41.5,42.1,41.15,41.2,5777556
VHM,2024-02-05,1707091200,41.4,41.6,41.1,41.25,3361500
VHM,2024-02-06,1707177600,41.4,41.45,41.0,41.0,5537080
VHM,2024-02-07,1707264000,41.05,41.85,41.0,41.8,3770219
VHM,2024-02-15,1707955200,42.15,42.2,41.8,41.95,4319070
VHM,2024-02-16,1708041600,42.15,42.8,41.95,42.7,6027229
VHM,2024-02-19,1708300800,43.0,45.65,42.9,45.55,20165747
VHM,2024-02-20,1708387200,46.0,46.7,45.85,46.15,12933357
VHM,2024-02-21,1708473600,46.1,46.1,44.8,45.0,8951937
VHM,2024-02-22,1708560000,45.1,45.45,44.8,44.8,6812686
VHM,2024-02-23,1708646400,45.0,45.1,43.25,43.3,11758953
VHM,2024-02-26,1708905600,43.45,43.85,43.1,43.35,7003949
VHM,2024-02-27,1708992000,43.75,44.2,43.3,44.2,7161102
VHM,2024-02-28,1709078400,44.45,44.9,44.0,44.4,6285833
VHM,2024-02-29,1709164800,44.55,44.7,43.4,43.4,11045628
VHM,2024-03-01,1709251200,43.7,44.2,43.3,43.95,6876405
VHM,2024-03-04,1709510400,44.05,44.6,43.8,43.95,7039659
VHM,2024-03-05,1709596800,43.95,44.25,43.3,43.65,7694338
VHM,2024-03-06,1709683200,43.65,44.55,43.05,43.1,11326080
VHM,2024-03-07,1709769600,43.3,43.3,42.85,43.2,7319072
VHM,2024-03-08,1709856000,43.5,43.6,42.55,42.55,9529599
VHM,2024-03-11,1710115200,42.6,43.0,42.5,42.55,6058761
VHM,2024-03-12,1710201600,42.55,42.9,42.35,42.7,4758561
VHM,2024-03-13,1710288000,42.8,43.0,42.5,42.95,7335627
VHM,2024-03-14,1710374400,43.4,43.8,42.8,42.9,12610933
VHM,2024-03-15,1710460800,42.9,43.15,42.4,42.4,9887754
VHM,2024-03-18,1710720000,42.65,43.15,41.3,42.1,14791576
VHM,2024-03-19,1710806400,42.35,43.05,41.85,42.9,9466892
VHM,2024-03-20,1710892800,43.0,43.0,42.2,42.5,5440051
VHM,2024-03-21,1710979200,42.85,43.05,42.55,42.9,10981568
VHM,2024-03-22,1711065600,43.2,43.5,42.6,42.8,10001805
VHM,2024-03-25,1711324800,43.0,43.35,42.4,42.55,10313493
VHM,2024-03-26,1711411200,42.7,42.9,42.45,42.75,4265404
VHM,2024-03-27,1711497600,42.9,42.9,42.5,42.5,7553922
VHM,2024-03-28,1711584000,42.8,44.05,42.6,43.3,18569535
VHM,2024-03-29,1711670400,43.4,43.7,42.85,42.85,7689710
VHM,2024-04-01,1711929600,42.9,43.15,42.65,42.9,7521190
VHM,2024-04-02,1712016000,42.7,43.15,42.2,43.15,13761932
VHM,2024-04-03,1712102400,43.15,43.75,42.9,43.1,11841562
VHM,2024-04-04,1712188800,42.8,43.2,42.75,43.0,9669113
VHM,2024-04-05,1712275200,42.7,43.1,42.4,42.95,13466948
VHM,2024-04-08,1712534400,43.05,43.1,42.4,43.0,16740300
VHM,2024-04-09,1712620800,43.1,43.2,42.9,43.2,10946287
VHM,2024-04-10,1712707200,43.55,44.65,43.45,44.2,24328093
VHM,2024-04-11,1712793600,44.25,44.25,43.75,44.15,14568487
VHM,2024-04-12,1712880000,44.5,44.8,44.3,44.5,16826097
VHM,2024-04-15,1713139200,44.5,44.5,42.2,42.4,20421318
VHM,2024-04-16,1713225600,42.4,42.8,40.75,42.7,16853483
VHM,2024-04-17,1713312000,43.0,43.05,41.55,41.8,10864569
VHM,2024-04-19,1713484800,40.95,41.5,40.3,41.5,12530053
VHM,2024-04-22,1713744000,41.5,41.8,40.65,41.45,9176368
VHM,2024-04-23,1713830400,41.0,41.4,40.2,40.2,8625501
VHM,2024-04-24,1713916800,40.35,40.9,40.25,40.6,5043450
VHM,2024-04-25,1714003200,40.85,40.85,40.4,40.7,2990723
VHM,2024-04-26,1714089600,40.4,41.05,40.3,40.8,4706725
VHM,2024-05-02,1714608000,40.8,41.25,40.35,41.15,4572111
VHM,2024-05-03,1714694400,41.3,41.4,40.85,41.1,4394307
VHM,2024-05-06,1714953600,41.15,41.2,40.85,41.15,4947191
VHM,2024-05-07,1715040000,41.25,41.25,40.9,41.05,4278931
VHM,2024-05-08,1715126400,41.0,41.0,40.5,40.9,6627436
VHM,2024-05-09,1715212800,41.0,41.75,40.85,40.95,7302057
VHM,2024-05-10,1715299200,41.0,41.1,40.35,40.35,7279272
VHM,2024-05-13,1715558400,40.45,40.55,39.7,40.1,9099062
VHM,2024-05-14,1715644800,41.1,41.25,40.15,40.15,6868337
VHM,2024-05-15,1715731200,40.2,40.4,40.05,40.25,6596952
VHM,2024-05-16,1715817600,40.3,40.4,40.15,40.25,8263436
VHM,2024-05-17,1715904000,40.35,41.2,40.2,40.85,13311095
VHM,2024-05-20,1716163200,41.05,41.25,40.45,40.45,9540756
VHM,2024-05-21,1716249600,40.5,40.75,40.05,40.2,9643856
VHM,2024-05-22,1716336000,40.2,41.65,40.2,40.35,11930773
VHM,2024-05-23,1716422400,40.45,40.55,40.1,40.55,6389474
VHM,2024-05-24,1716508800,40.4,40.55,39.75,39.8,12916069
VHM,2024-05-27,1716768000,39.85,40.05,39.75,39.8,4623039
VHM,2024-05-28,1716854400,39.85,40.05,39.75,39.95,5557706
VHM,2024-05-29,1716940800,40.0,40.1,39.45,39.45,8034994
VHM,2024-05-30,1717027200,39.45,39.5,39.0,39.0,6427623
VHM,2024-05-31,1717113600,39.2,39.65,38.85,38.85,5855530
VHM,2024-06-03,1717372800,39.2,39.4,39.1,39.3,5244069
VHM,2024-06-04,1717459200,39.4,40.2,39.4,39.4,7959547
VHM,2024-06-05,1717545600,39.55,39.9,39.3,39.3,6219859
VHM,2024-06-06,1717632000,39.4,39.6,39.0,39.05,5113068
VHM,2024-06-07,1717718400,39.3,39.3,39.0,39.0,4521596
VHM,2024-06-10,1717977600,39.15,39.2,38.85,38.9,6325346
VHM,2024-06-11,1718064000,38.9,38.95,38.15,38.15,14405445
VHM,2024-06-12,1718150400,38.15,38.85,37.7,38.5,12380303
VHM,2024-06-13,1718236800,38.55,38.7,38.1,38.25,5995167
VHM,2024-06-14,1718323200,38.4,38.85,38.05,38.2,8595447
VHM,2024-06-17,1718582400,38.25,38.5,37.9,38.3,8597395
VHM,2024-06-18,1718668800,38.5,38.5,38.2,38.3,6590685
VHM,2024-06-19,1718755200,38.3,38.35,37.75,38.0,8002303
VHM,2024-06-20,1718841600,37.9,38.0,37.55,38.0,7591374
VHM,2024-06-21,1718928000,37.75,37.8,37.45,37.75,13034114
VHM,2024-06-24,1719187200,37.75,38.2,37.1,37.45,7677122
VHM,2024-06-25,1719273600,37.3,38.05,37.2,37.8,6352729
VHM,2024-06-26,1719360000,37.8,38.15,37.5,37.5,4539450
VHM,2024-06-27,1719446400,37.5,37.85,37.35,37.6,3455564
VHM,2024-06-28,1719532800,37.6,37.75,37.3,37.65,5967553
VHM,2024-07-01,1719792000,37.65,37.7,37.1,37.7,4519066
VHM,2024-07-02,1719878400,37.75,38.35,37.55,38.15,5425725
VHM,2024-07-03,1719964800,38.05,38.2,37.7,38.1,5234921
VHM,2024-07-04,1720051200,38.1,38.5,37.8,38.45,7467001
VHM,2024-07-05,1720137600,38.3,38.5,37.95,38.45,6575103
VHM,2024-07-08,1720396800,38.15,38.4,37.8,38.0,7924228
VHM,2024-07-09,1720483200,38.0,38.3,37.8,38.3,8197017
VHM,2024-07-10,1720569600,38.35,38.4,37.95,38.25,5452937
VHM,2024-07-11,1720656000,38.25,38.7,38.1,38.45,8805038
VHM,2024-07-12,1720742400,38.5,38.85,38.3,38.5,5138832
VHM,2024-07-15,1721001600,38.5,38.5,37.8,38.0,4889944
VHM,2024-07-16,1721088000,37.8,38.05,37.65,37.9,4768516
VHM,2024-07-17,1721174400,37.9,37.9,36.8,37.3,7037089
VHM,2024-07-18,1721260800,37.25,37.45,36.7,37.45,6289033
VHM,2024-07-19,1721347200,37.7,38.2,37.55,37.85,6183999
VHM,2024-07-22,1721606400,38.0,38.0,37.3,37.9,5137913
VHM,2024-07-23,1721692800,37.65,37.95,37.35,37.85,4861895
VHM,2024-07-24,1721779200,37.6,37.85,37.4,37.85,4431667
VHM,2024-07-25,1721865600,37.6,38.3,37.55,37.8,6226674
VHM,2024-07-26,1721952000,37.8,37.9,37.5,37.75,3909813
VHM,2024-07-29,1722211200,37.75,37.9,37.1,37.1,4358510
VHM,2024-07-30,1722297600,37.1,37.2,36.7,36.7,4687870
VHM,2024-07-31,1722384000,36.85,37.05,36.65,36.7,3720583
VHM,2024-08-01,1722470400,36.75,37.0,36.0,36.45,6195892
VHM,2024-08-02,1722556800,36.05,36.3,34.6,36.0,8620477
VHM,2024-08-05,1722816000,35.2,35.7,34.0,34.5,9964238
VHM,2024-08-06,1722902400,34.8,34.8,34.0,34.8,5856379
VHM,2024-08-07,1722988800,36.95,37.2,36.6,37.2,36741318
VHM,2024-08-08,1723075200,37.5,38.1,36.95,37.6,8841141
VHM,2024-08-09,1723161600,37.8,37.8,36.8,37.2,8695705
VHM,2024-08-12,1723420800,37.15,37.15,36.35,36.5,8356596
VHM,2024-08-13,1723507200,36.35,36.65,35.85,36.35,7149705
VHM,2024-08-14,1723593600,36.35,37.4,36.0,37.2,10122726
VHM,2024-08-15,1723680000,37.5,38.3,37.15,37.85,17784942
VHM,2024-08-16,1723766400,38.2,38.7,38.0,38.4,14801379
VHM,2024-08-19,1724025600,38.6,38.8,38.2,38.6,10783424
VHM,2024-08-20,1724112000,38.6,39.8,38.5,39.4,17559595
VHM,2024-08-21,1724198400,39.25,39.75,38.9,39.75,13665221
VHM,2024-08-22,1724284800,39.75,40.15,39.5,39.8,9228187
VHM,2024-08-23,1724371200,39.6,40.0,39.35,39.75,9344472
VHM,2024-08-26,1724630400,39.85,40.75,39.85,40.5,15633358
VHM,2024-08-27,1724716800,40.5,42.3,40.35,41.4,18228247
VHM,2024-08-28,1724803200,41.7,41.8,40.6,40.9,11205476
VHM,2024-08-29,1724889600,40.85,41.5,40.7,41.5,9308583
VHM,2024-08-30,1724976000,41.5,41.65,41.1,41.5,11323766
VHM,2024-09-04,1725408000,41.0,42.5,41.0,42.5,13815937
VHM,2024-09-05,1725494400,42.7,44.45,42.7,43.75,22156341
VHM,2024-09-06,1725580800,44.0,44.0,43.25,43.9,10236311
VHM,2024-09-09,1725840000,43.65,43.65,43.0,43.0,10300900
VHM,2024-09-10,1725926400,43.15,43.55,42.15,42.8,12934224
VHM,2024-09-11,1726012800,42.55,43.15,41.75,43.0,13404369
VHM,2024-09-12,1726099200,43.4,43.5,43.1,43.1,5665787
VHM,2024-09-13,1726185600,43.05,43.4,42.7,43.0,5407159
VHM,2024-09-16,1726444800,42.85,42.9,41.75,41.75,8363646
VHM,2024-09-17,1726531200,41.75,44.0,41.7,44.0,15790896
VHM,2024-09-18,1726617600,44.1,45.15,43.9,43.9,12491672
VHM,2024-09-19,1726704000,43.9,44.4,43.75,44.15,9906504
VHM,2024-09-20,1726790400,44.2,44.9,43.7,43.75,25323091
VHM,2024-09-23,1727049600,43.8,44.1,43.15,43.65,7379292
VHM,2024-09-24,1727136000,43.65,44.25,43.45,44.25,6960385
VHM,2024-09-25,1727222400,44.4,44.4,43.8,44.15,10677240
VHM,2024-09-26,1727308800,44.2,44.6,44.1,44.4,12263100
VHM,2024-09-27,1727395200,44.5,44.6,43.0,43.4,16368260
VHM,2024-09-30,1727654400,43.5,43.5,42.55,42.8,9134019
VHM,2024-10-01,1727740800,42.9,44.1,42.9,43.45,11223903
VHM,2024-10-02,1727827200,43.05,43.45,42.85,43.4,7972537
VHM,2024-10-03,1727913600,43.0,43.25,41.6,41.6,26895010
VHM,2024-10-04,1728000000,41.55,41.95,41.15,41.5,6767454
VHM,2024-10-07,1728259200,41.65,41.8,40.9,41.2,7229002
VHM,2024-10-08,1728345600,41.45,41.6,40.7,41.6,8585816
VHM,2024-10-09,1728432000,41.65,42.55,41.6,42.5,6745878
VHM,2024-10-10,1728518400,42.7,42.9,42.15,42.15,5448323
VHM,2024-10-11,1728604800,42.45,43.8,42.3,43.6,15627061
VHM,2024-10-14,1728864000,45.5,46.4,45.1,45.35,20749607
VHM,2024-10-15,1728950400,45.5,45.5,44.6,44.65,9225187
VHM,2024-10-16,1729036800,44.5,45.2,44.45,45.0,6824743
VHM,2024-10-17,1729123200,45.1,45.5,44.8,45.1,6679964
VHM,2024-10-18,1729209600,45.7,46.0,45.15,45.25,8965509
VHM,2024-10-21,1729468800,45.5,47.8,45.5,47.8,21175621
VHM,2024-10-22,1729555200,48.15,48.55,47.4,48.25,12679872
VHM,2024-10-23,1729641600,48.25,48.35,46.5,47.0,33358000
VHM,2024-10-24,1729728000,46.6,46.75,43.85,43.85,33619067
VHM,2024-10-25,1729814400,44.55,44.65,43.5,43.85,24559521
VHM,2024-10-28,1730073600,43.7,44.25,42.5,42.7,19550175
VHM,2024-10-29,1730160000,42.95,43.05,42.55,42.75,17364905
VHM,2024-10-30,1730246400,43.0,43.0,40.85,41.15,31829631
VHM,2024-10-31,1730332800,41.15,41.55,40.45,41.5,23747143
VHM,2024-11-01,1730419200,41.5,42.2,41.3,41.5,16957207
VHM,2024-11-04,1730678400,41.5,41.5,40.55,41.5,19844650
VHM,2024-11-05,1730764800,41.5,41.8,41.25,41.5,14144206
VHM,2024-11-06,1730851200,41.5,41.7,41.3,41.55,15067544
VHM,2024-11-07,1730937600,41.7,41.7,41.3,41.4,15999767
VHM,2024-11-08,1731024000,41.3,41.35,40.0,40.0,22527758
VHM,2024-11-11,1731283200,40.0,40.85,39.25,40.6,15318398
VHM,2024-11-12,1731369600,40.6,41.35,40.3,40.3,16222106
VHM,2024-11-13,1731456000,40.3,40.7,40.15,40.3,14070348
VHM,2024-11-14,1731542400,40.35,41.1,40.3,40.35,16950568
VHM,2024-11-15,1731628800,40.35,40.6,40.0,40.25,17028741
VHM,2024-11-18,1731888000,40.3,40.8,39.6,40.8,23037863
VHM,2024-11-19,1731974400,40.9,42.25,40.9,42.2,26478628
VHM,2024-11-20,1732060800,42.2,43.4,41.75,43.3,28423938
VHM,2024-11-21,1732147200,43.25,43.7,42.85,43.3,34409781
VHM,2024-11-22,1732233600,42.65,42.75,41.6,41.6,9097059
VHM,2024-11-25,1732492800,41.5,42.95,41.45,42.7,4403703
VHM,2024-11-26,1732579200,42.7,43.3,42.4,42.4,4292311
VHM,2024-11-27,1732665600,42.2,42.85,41.9,41.9,3653166
VHM,2024-11-28,1732752000,42.25,42.35,41.1,41.1,6517863
VHM,2024-11-29,1732838400,41.3,41.3,40.75,40.8,5528428
VHM,2024-12-02,1733097600,41.1,41.15,40.75,40.75,3783778
VHM,2024-12-03,1733184000,40.8,41.3,40.5,40.9,5191256
VHM,2024-12-04,1733270400,40.7,40.85,40.1,40.1,5170213
VHM,2024-12-05,1733356800,40.5,41.8,40.2,41.4,4855333
VHM,2024-12-06,1733443200,41.6,42.0,41.2,41.5,4872864
VHM,2024-12-09,1733702400,41.5,41.9,41.4,41.45,3621711
VHM,2024-12-10,1733788800,41.45,41.65,40.95,40.95,4582127
VHM,2024-12-11,1733875200,40.95,41.35,40.8,40.85,4022170
VHM,2024-12-12,1733961600,40.9,41.15,40.75,40.75,2987058
VHM,2024-12-13,1734048000,40.7,40.8,40.5,40.65,3127927
VHM,2024-12-16,1734307200,40.65,41.15,40.55,40.95,2669641
VHM,2024-12-17,1734393600,41.0,41.4,40.8,41.3,3710334
VHM,2024-12-18,1734480000,41.3,41.6,40.9,40.9,2433536
VHM,2024-12-19,1734566400,40.6,40.75,40.2,40.2,5727998
VHM,2024-12-20,1734652800,40.4,40.45,40.2,40.35,3476862
VHM,2024-12-23,1734912000,40.8,40.85,40.4,40.6,1993919
VHM,2024-12-24,1734998400,40.5,40.6,40.1,40.35,3217774
VHM,2024-12-25,1735084800,40.5,40.75,40.35,40.6,3561117
VHM,2024-12-26,1735171200,40.75,41.3,40.65,40.65,3692705
VHM,2024-12-27,1735257600,40.8,41.05,40.35,40.35,2848580
VHM,2024-12-30,1735516800,40.45,40.6,40.3,40.3,2517799
VHM,2024-12-31,1735603200,40.5,40.5,40.0,40.0,4194452
VHM,2025-01-02,1735776000,40.1,40.2,39.95,40.0,3011435
VHM,2025-01-03,1735862400,40.05,40.05,39.75,40.0,4271592
VHM,2025-01-06,1736121600,40.0,40.0,39.75,40.0,3323300
VHM,2025-01-07,1736208000,39.85,40.05,39.85,40.0,2850756
VHM,2025-01-08,1736294400,40.0,40.05,39.7,40.0,2440251
VHM,2025-01-09,1736380800,40.0,41.05,40.0,40.4,4213389
VHM,2025-01-10,1736467200,40.4,40.7,39.9,40.0,2320816
VHM,2025-01-13,1736726400,39.8,40.0,38.7,40.0,3981844
VHM,2025-01-14,1736812800,39.7,40.0,39.4,40.0,5408899
VHM,2025-01-15,1736899200,40.0,40.1,39.8,40.0,2708441
VHM,2025-01-16,1736985600,40.2,40.65,40.0,40.0,5139880
VHM,2025-01-17,1737072000,40.1,40.1,39.85,40.1,4153997
VHM,2025-01-20,1737331200,40.0,40.2,39.9,40.0,2997985
VHM,2025-01-21,1737417600,40.0,40.15,39.8,40.0,4496080
VHM,2025-01-22,1737504000,40.0,40.0,39.5,39.5,3641747
VHM,2025-01-23,1737590400,39.55,39.95,39.25,39.5,4634647
VHM,2025-01-24,1737676800,39.5,39.8,39.4,39.5,4839899
VHM,2025-02-03,1738540800,39.55,39.55,38.85,39.0,4741443
VHM,2025-02-04,1738627200,38.95,39.15,38.55,38.75,6226406
VHM,2025-02-05,1738713600,39.0,39.45,38.85,38.85,2721019
VHM,2025-02-06,1738800000,39.0,39.2,38.8,38.8,2819358
VHM,2025-02-07,1738886400,38.85,39.05,38.75,38.75,3015990
VHM,2025-02-10,1739145600,38.7,38.75,37.8,37.8,5856919
VHM,2025-02-11,1739232000,37.85,37.9,37.6,37.75,5901952
VHM,2025-02-12,1739318400,37.8,38.3,37.8,38.0,3810919
VHM,2025-02-13,1739404800,37.9,38.9,37.9,38.75,4925040
VHM,2025-02-14,1739491200,38.95,39.05,38.75,38.8,4247670
VHM,2025-02-17,1739750400,38.8,39.15,38.7,38.8,4040997
VHM,2025-02-18,1739836800,38.9,39.2,38.85,38.9,3088319
VHM,2025-02-19,1739923200,39.15,39.15,38.8,39.1,2934401
VHM,2025-02-20,1740009600,39.2,40.8,39.15,40.55,11111132
VHM,2025-02-21,1740096000,40.7,40.7,40.25,40.3,3895507
VHM,2025-02-24,1740355200,40.1,40.3,39.95,40.25,4773534
VHM,2025-02-25,1740441600,40.3,41.25,40.3,40.75,5569649
VHM,2025-02-26,1740528000,40.8,40.9,40.5,40.7,4187200
VHM,2025-02-27,1740614400,40.75,41.15,40.6,41.05,6362587
VHM,2025-02-28,1740700800,41.05,41.6,40.85,41.2,8398308
VHM,2025-03-03,1740960000,41.3,42.55,41.2,42.55,9473515
VHM,2025-03-04,1741046400,42.55,43.15,42.05,42.05,11269264
VHM,2025-03-05,1741132800,42.05,43.0,42.05,42.7,10685438
VHM,2025-03-06,1741219200,42.85,43.6,42.85,43.6,11952800
VHM,2025-03-07,1741305600,43.6,45.75,43.3,44.95,17831950
VHM,2025-03-10,1741564800,45.0,45.8,44.7,45.3,12073806
VHM,2025-03-11,1741651200,44.6,45.55,44.2,45.5,12109365
VHM,2025-03-12,1741737600,45.4,47.3,45.4,46.95,15649799
VHM,2025-03-13,1741824000,47.0,49.55,46.55,47.8,22282881
VHM,2025-03-14,1741910400,47.7,48.9,47.7,47.9,16868569
VHM,2025-03-17,1742169600,47.95,48.0,46.8,47.8,11017800
VHM,2025-03-18,1742256000,47.6,48.75,46.8,47.3,12245033
VHM,2025-03-19,1742342400,46.8,47.9,46.25,47.35,13448929
VHM,2025-03-20,1742428800,47.35,48.2,46.95,47.35,13461617
VHM,2025-03-21,1742515200,47.1,48.4,47.1,48.25,13701240
VHM,2025-03-24,1742774400,48.45,51.4,48.35,51.3,15562748
VHM,2025-03-25,1742860800,51.9,52.5,51.1,51.5,12927848
VHM,2025-03-26,1742947200,51.8,52.2,50.2,51.5,9616058
VHM,2025-03-27,1743033600,51.5,51.7,50.5,51.2,7909162
VHM,2025-03-28,1743120000,51.1,51.9,50.7,51.2,8169977
VHM,2025-03-31,1743379200,51.2,51.6,51.0,51.3,9377437
VHM,2025-04-01,1743465600,51.8,53.5,51.5,53.0,11857570
VHM,2025-04-02,1743552000,53.2,53.6,52.6,53.0,10662438
VHM,2025-04-03,1743638400,50.3,51.6,49.3,49.3,23529935
VHM,2025-04-04,1743724800,46.1,50.6,46.1,50.3,21602506
VHM,2025-04-08,1744070400,48.7,49.5,46.8,47.0,21438100
